category,ref_id,access,title,author_org,year,type,url,doi
05_treatment-methods,S1,open,2020 Grape Fungicide Spray Guide,Ohio State University / OhioGrapeWeb,2020,guide,https://ohiograpeweb.cfaes.ohio-state.edu/sites/grapeweb/files/imce/pdf_factsheets/2020Grape-Fungicide-Spray-Guide-FINAL.pdf,
05_treatment-methods,S2,open,Grape Disease Control Spring 2023,Cornell Grape Pathology (Gold K),2023,extension,https://blogs.cornell.edu/grapes/ipm/diseases/grape-disease-control-spring-2023/,
05_treatment-methods,S3,open,Are We Standing Out in The Field Or Are We Outstanding in The Field,Cornell CALS (Combs D),2025,news,https://cals.cornell.edu/news/2025/05/are-we-standing-out-field-or-are-we-outstanding-field,
05_treatment-methods,S4,open,Biopesticides for Grape Disease Control,Cornell Grape Pathology (Combs D),2022,conference,https://newenglandvfc.org/wp-content/uploads/2022/12/Grape2_3_Combs.pdf,
05_treatment-methods,S5,open,Downy Mildew Bordeaux Mixture Copper Sulfate,Wine with Seth,2026,web,https://www.winewithseth.com/winewiki/downy-mildew-peronospora-bordeaux-mixture-copper-sulfate/,
05_treatment-methods,S6,open,French ban on copper fungicides puts organic vintners under strain,The Drinks Business,2025,news,https://www.thedrinksbusiness.com/2025/09/french-ban-on-copper-fungicides-puts-organic-vintners-under-strain/,
05_treatment-methods,S7,open,Beyond Sulfur: Viticultural Foliar Spray Programs,GuildSomm (Cole-Johnson S),2023,article,https://www.guildsomm.com/public_content/features/articles/b/samantha-cole-johnson/posts/viticultural-spray-programs-beyond-sulfur,
05_treatment-methods,S8,open,Mid to Late Season Control of Downy and Powdery Mildew,Penn State Extension Wine & Grapes,2020,extension,https://psuwineandgrapes.wordpress.com/2020/06/24/mid-to-late-season-control-of-downy-and-powdery-mildew-and-bunch-and-sour-rots-in-2020/,
05_treatment-methods,S9,open,Late-Season Fungicide Sprays in Grapes and Potential Effects on Fermentation,MSU Extension,2011,extension,https://www.canr.msu.edu/news/late_season_fungicide_sprays_in_grapes_and_potential_effects_on_fermentatio,
05_treatment-methods,S10,open,Grapevine UV-C Thorvald commercial program,Saga Robotics,2024,web,https://www.sagarobotics.com/grapevine,
05_treatment-methods,S11,open,SARE GW21-219 Final Report Managing Grapevine Powdery Mildew with UV-C,SARE / Oregon State University,2023,research,https://projects.sare.org/project-reports/gw21-219/,
05_treatment-methods,S12,open,Spray-Induced Silencing of Grape Powdery Mildew Genes — AVF Project 2023-2366,AVF / Varada Agriculture,2025,research,https://avf.org/research-summary/spray-induced-silencing-of-grape-powdery-mildew-genes-to-reduce-powdery-mildew-growth-avf-project-2023-2366/,
05_treatment-methods,S13,open,Supporting Swiss Vineyards with DJI Agriculture Drones,DJI Agriculture,2024,casestudy,https://ag.dji.com/case-studies/agras-t30-vineyard-switzerland,
05_treatment-methods,S14,open,The Legacy of Copper-Based Fungicide Use in Vineyard Soils,Poljak et al. / Earth and Environmental Sustainability,2026,journal,https://media.sciltp.com/articles/2603003391/2603003391.pdf,10.53941/eesus.2026.100011
05_treatment-methods,S15,open,PHI for Common Vineyard Fungicides Quick Reference,VitiScribe (Mitchell S),2026,web,https://vitiscribe.com/phi-fungicides-vineyard-common-products,
05_treatment-methods,S16,open,Quintec Fungicide EPA Label 2023,Corteva / US EPA,2023,label,https://www3.epa.gov/pesticides/chem_search/ppls/033906-00026-20230413.pdf,
05_treatment-methods,S17,open,Regalia — A New Fungicide for Organic and Conventional Disease Control,MSU Extension,2010,extension,https://www.canr.msu.edu/news/regalia_a_new_fungicide_for_organic_and_conventional_disease_control,
05_treatment-methods,S18,open,AQ10 Biofungicide Booklet 2023,Fargro / HortiPro,2023,productinfo,https://fargro.co.uk/media/1f4n3cn3/aq10-booklet-2023.pdf,
05_treatment-methods,S19,open,Efficacy of Biopesticides and Leaf Removal in Grapevine Powdery Mildew,Moyer M et al. / Washington Wine Research Foundation,2016,research,https://www.washingtonwine.org/wp-content/uploads/2021/05/MoyerBioPesticides.pdf,
05_treatment-methods,S20,open,MSU Research Leads Canopy Innovation in Cool-Climate Viticulture,MSU Extension (Sabbatini P),2025,news,https://www.canr.msu.edu/news/msu-research-leads-canopy-innovation-in-cool-climate-viticulture,
05_treatment-methods,S21,open,Fungus-Resistant Grape Varieties PIWI,Austrian Wine / PIWI International,2024,web,https://www.austrianwine.com/our-wine/grape-varieties/fungus-resistant-grape-varieties,
05_treatment-methods,S22,open,Comparative Efficiency and Residue Levels of Spraying Programs Against Powdery Mildew,Bakircı et al. / Open Life Sciences,2025,journal,https://pmc.ncbi.nlm.nih.gov/articles/PMC12326300/,
05_treatment-methods,S23,open,Evaluating Synthetic Biological and Organic Fungicides 2024 Field Trial,Eskalen A et al. / UC Davis UCANR,2025,research,https://ucanr.edu/sites/default/files/2025-01/400376.pdf,
05_treatment-methods,S24,open,Broad-Spectrum Efficacy and Modes of Action of Two Bacillus Supernatants,Vallet J et al. / Journal of Fungi,2024,journal,https://pmc.ncbi.nlm.nih.gov/articles/PMC11278100/,10.3390/jof10070xxx
05_treatment-methods,S25,open,Potential EPA Action All Mancozeb Labels Cancelled for Grapes,UGA Viticulture (Gold K),2024,extension,https://viticulture.uga.edu/2024/08/potential-epa-action-all-mancozeb-labels-cancelled-for-grapes/,
05_treatment-methods,S26,open,Application of Laminarin and Calcium Oxide for Control of Grape Powdery Mildew,Dagostin S et al. / Journal of Plant Diseases and Protection,2018,journal,https://iris.unito.it/retrieve/handle/2318/1693678/600690/JPDP-D-18-00069R1%20CLEAN%20prep.pdf,10.1007/S41348-018-0162-8
05_treatment-methods,S27,open,Sulfur — A Potential Additive to Increase Efficacy of Copper Against Downy Mildew,Langer U et al. / OENO One,2024,journal,https://oeno-one.eu/article/view/7429,
05_treatment-methods,S28,open,Temperature-Based Sulfur Applications to Control Grape Powdery Mildew,Sall M et al. / California Agriculture,1984,journal,https://eap.mcgill.ca/CPG_5.htm,
05_treatment-methods,S29,open,VitisGen3 Variety Trial Enhances Biopesticide Management,VitisGen3 / Cornell University of Minnesota,2023,factsheet,https://vitisgen3.umn.edu/sites/vitisgen3.umn.edu/files/2023-09/biologicalpesticides-vitisgen.pdf,
05_treatment-methods,S30,open,EU banned pesticide trade expands — mancozeb EU ban,Greenpeace Unearthed,2025,news,https://unearthed.greenpeace.org/2025/09/23/eu-banned-pesticide-trade-expands-despite-promises/,
05_treatment-methods,S31,open,Fungicide Injury Sulfur — Double A Vineyards,Double A Vineyards,2012,web,https://doubleavineyards.com/pages/fungicide-injury-sulfur,
05_treatment-methods,S32,open,Fighting Vineyard Fungal Disease With and Without Copper,VinePair,2020,article,https://vinepair.com/articles/organic-viticulture-copper-alternatives/,
05_treatment-methods,S33,open,Evaluating Compatibility of Horticultural Oils and Sulfur with Vineyard,Oregon State University Extension (EM9095),2013,extension,https://extension.oregonstate.edu/sites/extd8/files/documents/em9095.pdf,
05_treatment-methods,S34,open,Reynoutria sachalinensis Extract Elicits SA-Dependent Defense Responses,Mounier M et al. / Scientific Reports,2020,journal,https://pmc.ncbi.nlm.nih.gov/articles/PMC7042220/,
05_treatment-methods,S35,open,How to Get the Most Out of Copper Sprays,AWRI (Australian Wine Research Institute),2022,factsheet,https://www.awri.com.au/files/attachment/s2291/,
05_treatment-methods,S36,open,Life After Broad Spectrums Can We Survive,Cornell CALS,2024,news,https://cals.cornell.edu/news/2024/05/life-after-broad-spectrums-can-we-survive,
05_treatment-methods,S37,open,At Bloom Grape Disease Management Reminders,ext.grapepathology.org,2025,extension,https://ext.grapepathology.org/at-bloom-grape-disease-management-reminders,
05_treatment-methods,S38,open,Powdery and Downy Mildew Recommendations,UGA Viticulture,2017,extension,https://viticulture.uga.edu/2017/06/powdery-and-downy-mildew-recommendations/,
05_treatment-methods,S39,open,SARE OS21-144 Grapevine Disease Management Biopesticides Cultural Practices,SARE,2024,research,https://projects.sare.org/project-reports/os21-144/,
05_treatment-methods,S40,open,France Organic Winegrowers Confront Copper Ban,Wine Spectator,2026,news,https://www.winespectator.com/articles/french-organic-winegrowers-confront-copper-ban,
05_treatment-methods,P1,paywalled,Copper and Sulfur in European Viticulture,Kortekamp A / Geisenheim University,2010,journal,,
05_treatment-methods,P2,open,Functional Diversity of Fungal Community Under Integrated Organic Biodynamic Vineyard Management,Stenger K et al. / Environmental Microbiome,2024,journal,https://pmc.ncbi.nlm.nih.gov/articles/PMC11575106/,10.1186/s40793-024-00625-x
05_treatment-methods,P3,open,Method for Phenotypic Evaluation of Grapevine Resistance to Plasmopara viticola,Baus-Reichel S et al. / Scientific Reports,2024,journal,https://pmc.ncbi.nlm.nih.gov/articles/PMC10776754/,
05_treatment-methods,P4,paywalled,Crop Losses to Pests,Oerke EC / Journal of Agricultural Science,2006,journal,,10.1017/S0021859605005708
05_treatment-methods,P5,open,Copper Content and Export in European Vineyard Soils,Fontaine MC et al. / Environmental Science & Technology,2021,journal,https://pubs.acs.org/doi/10.1021/acs.est.0c02093,10.1021/acs.est.0c02093
05_treatment-methods,P6,paywalled,Plasmopara viticola a Review of Knowledge on Downy Mildew — Foundational Reference,Gessler C et al. / Phytopathologia Mediterranea,2011,journal,,
05_treatment-methods,P7,paywalled,Grapevine Powdery Mildew Biology Ecology Epidemiology,Gadoury DM et al. / Molecular Plant Pathology,2012,journal,,10.1111/j.1364-3703.2011.00728.x
05_treatment-methods,P8,paywalled,Grapevine Downy Mildew Management and Forecasting,Rossi V et al. / Pest Management Science,2013,journal,,10.1002/ps.3603
business,S1,open,State of the World Vine and Wine Sector 2024,OIV,2025,report,https://www.oiv.int/sites/default/files/documents/OIV-State_of_the_World_Vine-and-Wine-Sector-in-2024.pdf,
business,S2,open,Grape Fungicides Market Size Share and Forecast,Verified Market Research,2025,market report,https://www.verifiedmarketresearch.com/product/grape-fungicides-market/,
business,S3,open,Global Grape Fungicides Market,Data Insights Reports,2026,market report,https://www.datainsightsreports.com/reports/global-grape-fungicides-market-33398,
business,S4,open,California Grape Acreage Report 2024,USDA NASS / CDFA,2025,government report,https://www.nass.usda.gov/Statistics_by_State/California/Publications/Specialty_and_Other_Releases/Grapes/Acreage/2025/2024%20Crop%20Grape%20Acreage%20Report.pdf,
business,S5,open,2024 Napa County Crop Report,Napa County Agricultural Commissioner,2025,government report,https://www.napacounty.gov/civicalerts.aspx?AID=708,
business,S6,open,Vineyard Spray Cost Per Acre,VitiScribe (citing UC Coop Extension),2026,industry article,https://vitiscribe.com/vineyard-spray-cost-per-acre/,
business,S7,open,Agricultural Pest Control Adviser License Packet,California DPR,2024,regulatory document,https://www.cdpr.ca.gov/wp-content/uploads/2025/06/adviser.pdf,
business,S8,open,Sectormentor for Vines Overview,Vidacycle / Napa Green,2025,product overview,http://napagreen.org/wp-content/uploads/2025/11/PUBLIC_-Sectormentor-for-Vines-Overview-Vidacycle.pdf,
business,S9,open,VitiScribe vs eVineyard US Vineyard Management Software,VitiScribe,2026,competitive analysis,https://vitiscribe.com/vitiscribe-vs-evineyard/,
business,S10,open,Subscribe to RIMpro Apple Scab Fire Blight Powdery Mildew Models,Virginia Tech Fruit Tree Pathology Lab,2024,extension article,https://treefruitpathology.spes.vt.edu/2024/03/07/1-join-partnership-on-using-rimpro/,
business,S11,open,VitiMeteo Adaptation and Application YouTube,Staatliches Weinbauinstitut Freiburg,2025,video,https://www.youtube.com/watch?v=SduxHl1Jfu4,
business,S12,open,Vintel The Solution,Vintel / iTK,2025,product page,https://vintel-itk.com/en/the-software/,
business,S13,open,VineView Data Products,VineView / Propel,2024,product page,https://vineview.com/data-products/,
business,S14,open,Botrytis Bunch Rot Wine Australia,Wine Australia,2025,industry guide,https://www.wineaustralia.com/growing-making/pest-and-disease-management/botrytis,
business,S15,open,Sencrop and Farmable Integration,Farmable,2024,news,https://farmable.tech/sencrop-farmable-integrated/,
business,S16,open,METOS Webshop Products,Pessl Instruments,2024,e-commerce,https://shop.metos.at/collections/all,
business,S17,open,Contour RHIZA Connect Decision Support,Agrii,2026,product page,https://www.agrii.co.uk/our-services/decision-support/,
business,S18,open,Process2Wine Reviews 2026,SelectHub,2026,software review,https://www.selecthub.com/p/food-and-beverage-software/process2wine/,
business,S19,open,Cropler App Store Listing,Apple App Store,2025,app listing,https://apps.apple.com/us/app/cropler/id6677052772,
business,S20,open,Vineyard Spray Log Software Pricing VitiScribe,VitiScribe,2026,pricing page,https://vitiscribe.com/vineyard-spray-log-pricing/,
business,S21,open,VitiMap VineForecast,VineForecast UG,2023,product page,https://www.vineforecast.com/en/vitimap/,
business,S22,open,RIMpro Downy Mildew Model EU CO-FREE Project,CORDIS European Commission,2016,research report,https://cordis.europa.eu/project/id/289497/reporting,
business,S23,open,John Deere Operations Center PRO Service,John Deere,2025,product page,https://shop.deere.com/us/product/Operations-Center-PRO-Service--Annual-License-/p/PROSERVICE,
business,S24,open,AgriWebb Pricing FAQ,AgriWebb,2026,help article,https://help.agriwebb.com/en/articles/8319220-pricing-and-subscription-faqs,
business,S25,open,PTx Trimble FarmENGAGE Pricing,Vantage Northeast / PTx Trimble,2026,e-commerce,https://vantagenortheast.com/collections/trimble-software,
business,S26,open,Best Field Sensor and Weather Station Systems 2026,AgTecher,2025,product comparison,https://agtecher.com/en/fieldsensors/,
business,S27,open,ADCON Phase-Out Announcement,OTT HydroMet,2024,news,https://www.otthydromet.com/en/about/our-brands/adcon,
business,S28,open,HOBO RX3000 Remote Weather Station Starter Kit,Onset,2024,product page,https://www.onsetcomp.com/products/kit/rx3004-sys-kit-813,
business,S29,open,Bordeaux 2024 Weather and Crop Report,Jancis Robinson,2025,industry article,https://www.jancisrobinson.com/articles/bordeaux-2024-weather-and-crop-report,
business,S30,open,Bordeaux AOC Areas Fall Below 50000 Hectares,Wein-Plus,2025,news,https://magazine.wein.plus/news/bordeaux-aoc-areas-fall-below-50-000-hectares,
business,S31,open,Burgundy Vineyard Prices Set New Records 2024,Decanter,2025,news,https://www.decanter.com/wine/burgundy-vineyard-prices-set-new-records-in-2024-557625/,
business,S32,open,Burgundy Market Update,TerroirSense Wine Review,2024,market analysis,https://terroirsense.com/en/p/10326.html,
business,S33,open,Made in Mendoza from Cuyo to the World,Grant Thornton Argentina,2024,industry report,https://www.grantthornton.com.ar/en/insights/articles/2024/made-in-mendoza-from-cuyo-to-the-world/,
business,S34,open,Destination Mendoza,Vinexpo Explorer,2024,industry profile,https://vinexpo-explorer.com/newfront/destination-mendoza,
business,S35,open,Climate FieldView Pricing Plans,Bayer / Climate Corp,2025,pricing page,https://climate.com/en-us/pricing.html,
business,S36,open,2024 Pest Management Guide for Wine Grapes in Oregon,Oregon State University Extension,2024,extension guide,https://extension.oregonstate.edu/sites/extd8/files/documents/donnelja/2024-pest-management-guide-for-wine-grapes-in-oregon_0.pdf,
business,S37,open,Napa Valley Vintners Partners,Napa Valley Vintners,2025,website,https://napavintners.com/about/partners.asp,
business,S38,open,Bourgogne Working on Climate Solutions WinePilot,BIVB,2024,press,https://www.bourgogne-wines.com/press/n-264,
business,S39,open,Unified Wine and Grape Symposium Trade Show 2025,Unified Symposium,2025,event page,https://www.unifiedsymposium.org/trade-show/,
business,S40,open,FIFRA and Federal Facilities,US EPA,2026,regulatory page,https://www.epa.gov/enforcement/federal-insecticide-fungicide-and-rodenticide-act-fifra-and-federal-facilities,
business,S41,open,EU Directive 2009/128/EC Sustainable Use of Pesticides,European Parliament,2009,legislation,https://www.legislation.gov.uk/eudr/2009/128/data.xht,
business,S42,open,Separation de la Vente et du Conseil des Produits Phytopharmaceutiques,French Ministry of Agriculture,2024,regulatory page,https://agriculture.gouv.fr/separation-de-la-vente-et-du-conseil-des-produits-phytopharmaceutiques-0,
business,S43,open,Fin de la Separation Vente-Conseil Phytopharmaceutiques 2026,Phyteis,2026,news,https://phyteis.fr/actualites/fin-de-la-separation-vente-conseil-phytopharmaceutiques-ce-qui-change-en-2026/,
business,S44,open,Argentina Speeds Up Pesticide Registration,Agribrasilis,2025,news,https://agribrasilis.com/2025/09/09/argentina-speeds-up-pesticide-registration/,
business,S45,open,Argentina Pesticide Regulatory Framework,GPC Gateway,2026,regulatory database,https://gpcgateway.com/regulatory-regions/argentina/regulation/Mjc=?sector=Mw%3D%3D-agrochemicals-plant-protection-products,
business,S46,open,Apple App Store Review Guidelines,Apple,2025,guidelines,https://developer.apple.com/app-store/review/guidelines/,
business,S47,open,Developer help Apple rejection 1.4.1 Safety,Reddit r/iosdev,2026,community,https://www.reddit.com/r/iosdev/comments/1qmfl66/help_with_apple_rejection_due_to_141_safety/,
business,P1,paywalled,Fungicide Use Patterns in Select United States Wine Grape Regions,Broome et al.,2024,peer-reviewed article,https://apsjournals.apsnet.org/doi/10.1094/PDIS-04-23-0798-RE,10.1094/PDIS-04-23-0798-RE
business,P2,paywalled,Predictive models for grape downy mildew as a DSS in Mediterranean conditions,Rossi et al.,2023,peer-reviewed article,https://www.sciencedirect.com/science/article/abs/pii/S0261219423002739,10.1016/j.cropro.2023.106358
business,P3,paywalled,Powdery Mildew Cost Comparison Edna Valley,Hyde C. Cal Poly,2010,thesis,https://digitalcommons.calpoly.edu/cgi/viewcontent.cgi?article=1011&context=agbsp,
business,P4,paywalled,The Value of Powdery Mildew Resistance in Grapes Evidence from California,Fuller Alston Sambucci,2014,peer-reviewed article,https://www.econstor.eu/bitstream/10419/194486/1/1-s2.0-S2212977414000234-main.pdf,
business,P5,paywalled,To what extent can a phase-out of pesticides in viticulture be achieved DEPHY network,Various,2024,peer-reviewed article,https://oeno-one.eu/article/view/7885,
business,P6,paywalled,EU Directive 2009/128/EC EPRS Study,EPRS,2018,parliamentary study,https://www.europarl.europa.eu/RegData/etudes/STUD/2018/627113/EPRS_STU(2018)627113_EN.pdf,
02_weather-impacts,S1,open,"Effect of different temperatures, relative humidity, incubation period on conidial germination of Erysiphe necator causing powdery mildew of grapes","S. N. et al. / Journal of Farm Sciences",2023,research-article,https://journaloffarmsciences.in/index.php/JFM/article/view/9,10.61475/jfm.v36i02.9
02_weather-impacts,S2,open,"Effects of humidity on the development of grapevine powdery mildew","Carroll & Wilcox / Phytopathology",2003,research-article,https://pubmed.ncbi.nlm.nih.gov/18944098/,10.1094/PHYTO.2003.93.9.1137
02_weather-impacts,S3,open,"Grapevine powdery mildew (Erysiphe necator): a fascinating system for the study of the biology, ecology and epidemiology of an obligate biotroph","Gadoury et al. / Molecular Plant Pathology",2011,review-article,https://pmc.ncbi.nlm.nih.gov/articles/PMC6638670/,10.1111/j.1364-3703.2011.00728.x
02_weather-impacts,S4,open,"The risk assessment index in grape powdery mildew control decisions and the effect of temperature and humidity on conidial germination of Erysiphe necator","Bendek et al. / Spanish Journal of Agricultural Research",2007,research-article,https://sjar.revistas.csic.es/index.php/sjar/article/view/273,10.5424/SJAR/2007054-273
02_weather-impacts,S5,open,"Effect of High Temperature and Exposure Time on Erysiphe necator Growth and Reproduction: Revisions to the UC Davis Powdery Mildew Risk Index","Peduto et al. / Plant Disease",2013,research-article,https://apsjournals.apsnet.org/doi/pdf/10.1094/PDIS-01-13-0039-RE,10.1094/PDIS-01-13-0039-RE
02_weather-impacts,S6,open,"Revising the Gubler-Thomas Model for Powdery Mildew (AVF Research Summary)","Gubler & Backup / AVF",2009,research-summary,https://avf.org/research-summary/revising-the-gubler-thomas-model-for-powdery-mildew-adding-real-time-pcr-and-a-revised-high-temperature-threshold/,""
02_weather-impacts,S7,open,"Mildew Risk Models — Gubler-Thomas Powdery Mildew Risk Index","Wildeye Support",2025,technical-documentation,https://info.mywildeye.com/info/mildew-risk-models,""
02_weather-impacts,S8,open,"Models: Powdery Mildew of Grape (UC IPM)","UC IPM / UC ANR",2020,model-documentation,https://ipm.ucanr.edu/DISEASE/DATABASE/grapepowderymildew.html,""
02_weather-impacts,S9,open,"A Weather-Driven Model for Predicting Infections of Grapevines by Sporangia of Plasmopara viticola","Brischetto et al. / Frontiers in Plant Science",2021,research-article,https://pmc.ncbi.nlm.nih.gov/articles/PMC7985336/,10.3389/fpls.2021.636607
02_weather-impacts,S10,open,"Grapevine Downy Mildew (Plasmopara viticola) Fruit Fact Sheet","Cornell CALS IPM",2024,fact-sheet,https://cals.cornell.edu/integrated-pest-management/grapevine-downy-mildew-plasmopara-viticola-fruit-fact-sheet,""
02_weather-impacts,S11,open,"Plasmopara viticola the Causal Agent of Downy Mildew of Grapevine: From Its Taxonomy to Disease Management","Clément et al. / Frontiers in Microbiology",2022,review-article,https://pmc.ncbi.nlm.nih.gov/articles/PMC9130769/,10.3389/fmicb.2022.889472
02_weather-impacts,S12,open,"Disease Models — Grapevine (METOS by Pessl Instruments)","Pessl Instruments / METOS",2025,technical-documentation,https://metos.global/en/disease-models-grapevine/,""
02_weather-impacts,S13,open,"Downy mildew: With climate change, is the 3-10 model still valid?","International Wine Challenge",2019,industry-review,https://www.internationalwinechallenge.com/Canopy-Articles/downy-mildew-with-climate-change-is-the-3-10-model-still-valid.html,""
02_weather-impacts,S14,open,"Primary Infection, Lesion Productivity, and Survival of Sporangia in the Grapevine Downy Mildew Pathogen Plasmopara viticola","Kennelly et al. / Phytopathology",2007,research-article,https://pubmed.ncbi.nlm.nih.gov/18943292/,10.1094/PHYTO-97-4-0512
02_weather-impacts,S15,open,"The Study of the Germination Dynamics of Plasmopara viticola Oospores Highlights the Presence of Phenotypic Synchrony With the Host","Maddalena et al. / Frontiers in Microbiology",2021,research-article,https://pmc.ncbi.nlm.nih.gov/articles/PMC8297619/,10.3389/fmicb.2021.698586
02_weather-impacts,S16,open,"Downy mildew — a primary infection","eVineyard",2015,industry-article,https://www.evineyardapp.com/blog/2015/08/15/downy-mildew-a-primary-infection/,""
02_weather-impacts,S17,open,"Effects of Humidity on the Development of Grapevine Powdery Mildew (full PDF)","Carroll & Wilcox / Phytopathology",2003,research-article,https://apsjournals.apsnet.org/doi/pdf/10.1094/PHYTO.2003.93.9.1137,10.1094/PHYTO.2003.93.9.1137
02_weather-impacts,S18,open,"Effects of sunlight exposure on grapevine powdery mildew development + Cornell fact sheet","Austin & Wilcox / Phytopathology + Cornell eCommons",2012,research-article,https://ecommons.cornell.edu/server/api/core/bitstreams/4b2f8abb-e7cf-44d1-9777-983a69e8a4c5/content,10.1094/PHYTO-07-11-0205
02_weather-impacts,S19,open,"The role of rain in dispersal of the primary inoculum of Plasmopara viticola","Rossi & Caffi / Phytopathology",2012,research-article,https://apsjournals.apsnet.org/doi/10.1094/PHYTO-08-11-0223,10.1094/PHYTO-08-11-0223
02_weather-impacts,S20,open,"Mid to late season control of downy and powdery mildew and bunch and sour rots in 2020","Penn State Extension Wine & Grapes U.",2020,extension-article,https://psuwineandgrapes.wordpress.com/2020/06/24/mid-to-late-season-control-of-downy-and-powdery-mildew-and-bunch-and-sour-rots-in-2020/,""
02_weather-impacts,S21,open,"Vineyard row orientation (Part 2) - inter-row wind and canopy humidity","Hunter & Volschenk / Wineland",2018,research-article,https://www.wineland.co.za/vineyard-row-orientation-part-2-inter-row-wind-and-canopy-humidity/,""
02_weather-impacts,S22,open,"Vineyard Canopy Microclimate (Grape Growers Handbook)","Wine Grape Growing.com",2011,technical-reference,http://www.wine-grape-growing.com/wine_grape_growing/vineyard_canopy_management/vineyard_canopy_microclimate.htm,""
02_weather-impacts,S23,open,"Effects of Sunlight Exposure on the Development and Management of Grape Powdery Mildew (Cornell Research Focus 2010-2)","Wilcox / Cornell Viticulture and Enology",2010,research-report,https://henrymanufacturing.co.nz/fungal-diseases/wilcox-effects-of-sunlight.pdf,""
02_weather-impacts,S24,open,"Effects of sunlight exposure on grapevine powdery mildew development (PubMed)","Austin & Wilcox / Phytopathology",2012,research-article,https://pubmed.ncbi.nlm.nih.gov/22881871/,10.1094/PHYTO-07-11-0205
02_weather-impacts,S25,open,"Effects of Nighttime Applications of Germicidal Ultraviolet Light upon Powdery Mildew (Erysiphe necator), Downy Mildew (Plasmopara viticola), and Sour Rot of Grapevine","Gadoury et al. / Plant Disease",2022,research-article,https://apsjournals.apsnet.org/doi/10.1094/PDIS-04-22-0984-RE,10.1094/PDIS-04-22-0984-RE
02_weather-impacts,S26,open,"Canopy density modifies leaf predisposition to Plasmopara viticola but does not affect downy mildew epidemics in grapevine","Fedele et al. / Frontiers in Agronomy",2026,research-article,https://www.frontiersin.org/articles/10.3389/fagro.2026.1782966/full,10.3389/fagro.2026.1782966
02_weather-impacts,S27,open,"Canopy Modification Influences Growth, Yield, Quality, and Powdery Mildew Incidence in Tas-A-Ganesh Grapevine","Somkuwar et al. / International Journal of Fruit Science",2018,research-article,https://www.tandfonline.com/doi/full/10.1080/15538362.2018.1555509,10.1080/15538362.2018.1555509
02_weather-impacts,S28,open,"Assessing the Effects of Vineyard Soil Management on Downy and Powdery Mildew Development","Fernandes de Oliveira et al. / Horticulturae",2021,research-article,https://www.mdpi.com/2311-7524/7/8/209,10.3390/HORTICULTURAE7080209
02_weather-impacts,S29,open,"Effect of Y-trellis and Vertical Shoot Positioning Training Systems on Downy Mildew and Botrytis Bunch Rot of Grape in Highlands of Southern Brazil","Bem et al. / Scientia Horticulturae",2015,research-article,https://linkinghub.elsevier.com/retrieve/pii/S0304423815000333,10.1016/J.SCIENTA.2015.01.023
02_weather-impacts,S30,open,"An innovative lever for grapevine breeding in times of climatic changes (OENO One 2023)","Bois et al. / OENO One",2023,review-article,https://oeno-one.eu/article/view/7405,10.20870/oeno-one.2023.57.2.7405
02_weather-impacts,S31,open,"A Comparison of Three Types of Vineyard Management and Their Effects on Plasmopara viticola Populations and Epidemic Dynamics of Grape Downy Mildew","Li et al. / Plants",2022,research-article,https://www.mdpi.com/2223-7747/11/16/2175,10.3390/plants11162175
02_weather-impacts,S32,open,"2024 Growing Conditions Report — Napa Valley","Napa Valley Grapegrowers",2024,industry-report,https://www.napagrowers.org/uploads/1/3/6/4/136481570/2024_growing_conditions_report.pdf,""
02_weather-impacts,S33,open,"Climate change brings challenges, and opportunities, to Finger Lakes wineries","Cornell Chronicle",2024,news-article,https://news.cornell.edu/stories/2024/10/climate-change-brings-challenges-and-opportunities-finger-lakes-wineries,""
02_weather-impacts,S34,open,"Bordeaux 2.0: Adapting to climate change, consumer trends, and modern tastes","WSET Global",2025,industry-article,https://www.wsetglobal.com/knowledge-centre/blog/2025/bordeaux-20-adapting-to-climate-change-consumer-trends-and-modern-tastes,""
02_weather-impacts,S35,open,"Powdery Mildew Dashboard — Napa Valley Vintners","Napa Valley Vintners / Western Weather Group",2025,decision-tool,https://napa.westernweathergroup.com/e8cf29e78a1b45cf9bbead44456649b4,""
02_weather-impacts,S36,open,"Climate change and vine protection: the case of mildews management in Burgundy","Zito et al. / E3S Web of Conferences",2018,research-article,https://www.e3s-conferences.org/articles/e3sconf/pdf/2018/25/e3sconf_terroircongress2018_01006.pdf,10.1051/E3SCONF/20185001006
02_weather-impacts,S37,open,"Downy mildew (Plasmopara viticola) epidemics on grapevine under climate change (NASA GISS abstract)","Salinari et al. / Global Change Biology",2006,research-article,https://www.giss.nasa.gov/pubs/abs/sa06100c.html,""
02_weather-impacts,S38,open,"Current Trends and Perspectives on Predictive Models for Mildew Diseases in Vineyards","Velasquez-Camacho et al. / Microorganisms",2022,review-article,https://pmc.ncbi.nlm.nih.gov/articles/PMC9866057/,10.3390/microorganisms11010041
02_weather-impacts,S39,open,"Climate change and the occurrence of downy mildew in Brazilian grapevines","Hamada et al. / Pesquisa Agropecuaria Brasileira",2017,research-article,http://www.scielo.br/pdf/pab/v52n6/1678-3921-pab-52-06-00426.pdf,10.1590/S0100-204X2017000600006
02_weather-impacts,S40,open,"Climate vs grapevine pests and diseases worldwide: the first results of a global survey","Bois, Zito, Calonnec / OENO One",2017,research-article,https://oeno-one.eu/article/view/1780,10.20870/OENO-ONE.2017.51.2.1780
02_weather-impacts,S41,open,"A Fresh Look at Grape Powdery Mildew (Erysiphe necator) A and B Genotypes Revealed Frequent Mixed Infections and Only B Genotypes in Flag Shoot Samples","Csikos et al. / Plants",2020,research-article,https://pmc.ncbi.nlm.nih.gov/articles/PMC7570353/,10.3390/plants9091156
02_weather-impacts,S42,open,"Relationship between the oospore dose in the leaf litter above the vineyard ground and primary infections by Plasmopara viticola","Fedele et al. / Frontiers in Plant Science",2025,research-article,https://pmc.ncbi.nlm.nih.gov/articles/PMC11925907/,10.3389/fpls.2025.1524959
02_weather-impacts,S43,open,"Colonization of Different Grapevine Tissues by Plasmopara viticola — A Histological Study","Zyprian & Frobel / Frontiers in Plant Science",2019,research-article,https://pmc.ncbi.nlm.nih.gov/articles/PMC6667660/,10.3389/fpls.2019.00951
02_weather-impacts,P1,paywalled,"Effect of temperature and wetness duration on infection by Plasmopara viticola and on post-inoculation efficacy of copper","Caffi et al. / European Journal of Plant Pathology",2016,research-article,https://link.springer.com/article/10.1007/s10658-015-0802-9,10.1007/s10658-015-0802-9
02_weather-impacts,P2,paywalled,"Effect of water on germination of Plasmopara viticola oospores","Rossi & Caffi / Plant Pathology",2007,research-article,https://bsppjournals.onlinelibrary.wiley.com/doi/10.1111/j.1365-3059.2007.01685.x,10.1111/j.1365-3059.2007.01685.x
02_weather-impacts,P3,paywalled,"Estimating the germination dynamics of Plasmopara viticola oospores using hydro-thermal time","Rossi et al. / Plant Pathology",2008,research-article,https://bsppjournals.onlinelibrary.wiley.com/doi/10.1111/j.1365-3059.2007.01738.x,10.1111/J.1365-3059.2007.01738.X
02_weather-impacts,P4,paywalled,"A mechanistic model simulating primary infections of downy mildew in grapevine","Rossi et al. / Ecological Modelling",2008,research-article,https://linkinghub.elsevier.com/retrieve/pii/S0304380007005881,10.1016/J.ECOLMODEL.2007.10.046
02_weather-impacts,P5,paywalled,"Development of an infection efficiency model for Plasmopara viticola on American grape based on temperature and duration of leaf wetness","Lalancette et al. / Phytopathology",1988,research-article,,""
02_weather-impacts,P6,paywalled,"PLASMO: a simulation model for control of Plasmopara viticola on grapevine","Orlandini et al. / EPPO Bulletin",1993,research-article,https://onlinelibrary.wiley.com/doi/10.1111/j.1365-2338.1993.tb00559.x,10.1111/J.1365-2338.1993.TB00559.X
02_weather-impacts,P7,paywalled,"Evaluation of a dynamic model for primary infections caused by Plasmopara viticola on grapevine in Quebec","Caffi et al. / Plant Health Progress",2011,research-article,https://apsjournals.apsnet.org/doi/10.1094/PHP-2011-0126-01-RS,10.1094/PHP-2011-0126-01-RS
02_weather-impacts,P8,open,"Genetic Structure and Aggressiveness of Erysiphe necator Populations during Grapevine Powdery Mildew Epidemics","Delmotte et al. / Applied and Environmental Microbiology",2008,research-article,https://pmc.ncbi.nlm.nih.gov/articles/PMC2570294/,10.1128/AEM.01200-08
02_weather-impacts,P9,open,"Disease Forecasting for the Rational Management of Grapevine Mildews in the Chianti Bio-District (Tuscany)","Marone Fassolo et al. / Plants",2023,research-article,https://pmc.ncbi.nlm.nih.gov/articles/PMC9865324/,10.3390/plants12020285
02_weather-impacts,P10,paywalled,"Effect of four training systems on the temporal dynamics of downy mildew in two grapevine cultivars in southern Brazil","Bem et al. / Tropical Plant Pathology",2016,research-article,https://link.springer.com/article/10.1007/s40858-016-0110-8,10.1007/s40858-016-0110-8
02_weather-impacts,P11,paywalled,"Effects of temperature, relative humidity, pH and triazole fungicides on sporulation and conidial germination of Uncinula necator","Oh JeungHaing / Unknown journal",2000,research-article,,83115803
02_weather-impacts,P12,open,"Forecasting severe grape downy mildew attacks using machine learning","Makowski et al. / PLOS ONE",2020,research-article,https://europepmc.org/articles/pmc7067461,10.1371/journal.pone.0230254
03_live-weather-feeds,S1,open,NOAA NWS NDFD REST Web Service,NOAA National Weather Service,2024,documentation,https://graphical.weather.gov/xml/rest.php,
03_live-weather-feeds,S1b,open,NWS Weather API (api.weather.gov),NOAA National Weather Service,2024,documentation,https://api.weather.gov,
03_live-weather-feeds,S2,open,OpenWeather One Call API 3.0 Documentation,OpenWeather Ltd,2024,documentation,https://openweathermap.org/api/one-call-3,
03_live-weather-feeds,S2b,open,OpenWeather Pricing Page,OpenWeather Ltd,2024,pricing,https://openweathermap.org/price,
03_live-weather-feeds,S3,open,Tomorrow.io Weather API Landing Page,Tomorrow.io Inc.,2024,documentation,https://www.tomorrow.io/weather-api/,
03_live-weather-feeds,S3a,open,Tomorrow.io Pricing Overview,Tomorrow.io Inc.,2024,pricing,https://support.tomorrow.io/hc/en-us/articles/23554984091156-Tomorrow-io-Pricing-Overview,
03_live-weather-feeds,S3b,open,Tomorrow.io Core Weather Parameters,Tomorrow.io Inc.,2024,documentation,https://support.tomorrow.io/hc/en-us/articles/38449010323476-Core-Weather-Parameters-Included,
03_live-weather-feeds,S3c,open,Tomorrow.io Soil Premium Layer,Tomorrow.io Inc.,2024,documentation,https://support.tomorrow.io/hc/en-us/articles/38449629271188-Soil-Premium-Layer,
03_live-weather-feeds,S3d,open,Tomorrow.io Free Plan Rate Limits,Tomorrow.io Inc.,2024,documentation,https://support.tomorrow.io/hc/en-us/articles/20273728362644-Free-API-Plan-Rate-Limits,
03_live-weather-feeds,S4,open,Visual Crossing Agriculture Elements in Timeline API,Visual Crossing Corporation,2024,documentation,https://www.visualcrossing.com/resources/documentation/weather-api/agriculture-elements-in-the-timeline-weather-api/,
03_live-weather-feeds,S4a,open,Visual Crossing Weather API Page,Visual Crossing Corporation,2024,documentation,https://www.visualcrossing.com/weather-api/,
03_live-weather-feeds,S4b,open,Visual Crossing Pricing and Plans,Visual Crossing Corporation,2024,pricing,https://www.visualcrossing.com/weather-data-editions/,
03_live-weather-feeds,S4c,open,Visual Crossing Best Weather API 2025,Visual Crossing Corporation,2025,blog,https://www.visualcrossing.com/resources/blog/best-weather-api-for-2025/,
03_live-weather-feeds,S5,open,Meteomatics Agricultural Parameters Documentation,Meteomatics AG,2024,documentation,https://www.meteomatics.com/en/api/available-parameters/agricultural-parameters/,
03_live-weather-feeds,S5a,open,Meteomatics Product Updates September 2024,Meteomatics AG,2024,news,https://www.meteomatics.com/en/news/product-updates-september-2024/,
03_live-weather-feeds,S5b,open,Meteomatics Pricing Page,Meteomatics AG,2024,pricing,https://www.meteomatics.com/en/pricing/,
03_live-weather-feeds,S6,open,Météo-France Open Data Announcement (data.gouv.fr),Société Numérique / Météo-France,2024,article,https://labo.societenumerique.gouv.fr/en/articles/dossier-ouverture-des-donnees-publiques-en-france-where-are-we/,
03_live-weather-feeds,S6a,open,Météo-France Données Publiques Portal,Météo-France,2024,documentation,https://donneespubliques.meteofrance.fr,
03_live-weather-feeds,S6b,open,Open-Meteo Météo-France API Documentation,Open-Meteo,2024,documentation,https://open-meteo.com/en/docs/meteofrance-api,
03_live-weather-feeds,S6c,open,API Données climatologiques Météo-France (data.gouv.fr),Météo-France / data.gouv.fr,2024,documentation,https://www.data.gouv.fr/dataservices/api-donnees-climatologiques,
03_live-weather-feeds,S7,open,AEMET OpenData REST API Documentation,AEMET - Spanish Government,2024,documentation,https://www.aemet.es/en/datos_abiertos/AEMET_OpenData,
03_live-weather-feeds,S7b,open,High-Value Meteorological Datasets Spain,datos.gob.es,2024,article,https://datos.gob.es/en/blog/high-value-meteorological-datasets,
03_live-weather-feeds,S8,open,SMN Argentina WRF Hi-Res Forecast AWS Open Data,SMN Argentina / AWS Registry,2024,documentation,https://registry.opendata.aws/smn-ar-wrf-dataset/,
03_live-weather-feeds,S9,open,Davis Instruments WeatherLink Cloud Plans & API,Davis Instruments,2024,documentation,https://www.davisinstruments.com/pages/weatherlink-cloud,
03_live-weather-feeds,S9b,open,Davis Instruments API Documentation PDF,Davis Instruments,2018,documentation,https://www.weatherlink.com/static/docs/APIdocumentation.pdf,
03_live-weather-feeds,S10,open,METER Group Zentra Cloud Platform,METER Group Inc.,2024,documentation,https://metergroup.com/platform/zentra-cloud/,
03_live-weather-feeds,S10b,open,METER AgWeatherNet Setup and Pricing,METER Group Inc.,2024,pricing,https://metergroup.com/agweathernet-setup/,
03_live-weather-feeds,S11,open,Adcon Telemetry Agricultural Station Description,BEIA Telemetry / Adcon,2022,article,http://eng.beia-telemetrie.ro/?page_id=2406,
03_live-weather-feeds,S11b,open,addVANTAGE Pro LiveData Platform,OTT HydroMet / Adcon,2024,documentation,https://addvantage-pro.com/livedata,
03_live-weather-feeds,S12,open,Onset HOBOlink LI-COR Cloud IoT Platform,Onset Computer Corporation,2024,documentation,https://www.onsetcomp.com/products/software/hobolink,
03_live-weather-feeds,S12b,open,HOBO S-LWA-M003 Leaf Wetness Smart Sensor,Onset Computer Corporation,2024,product,https://www.onsetcomp.com/products/sensors/s-lwa-m003,
03_live-weather-feeds,S13,open,Cornell NEWA How NEWA Handles Weather Data,Cornell University,2024,documentation,https://newa.cornell.edu/how-newa-handles-weather-data,
03_live-weather-feeds,S13b,open,Cornell NEWA Grape Diseases Model,Cornell University,2024,documentation,https://newa.cornell.edu/grape-diseases,
03_live-weather-feeds,S14,open,UC IPM Grape Powdery Mildew Risk Assessment Index,UC Cooperative Extension / UCANR,2024,documentation,https://ipm.ucanr.edu/weather/grape-powdery-mildew-risk-assessment-index/,
03_live-weather-feeds,S14b,open,Farm Progress UC IPM Weather Article,Farm Progress,2023,article,https://www.farmprogress.com/grapes/making-the-most-of-weather-reports-to-improve-pest-management-in-your-vineyard,
03_live-weather-feeds,S15,open,Sencrop Weather Station AgTecher Review,AgTecher,2025,review,https://agtecher.com/en/hardware/sencrop/,
03_live-weather-feeds,S15b,open,Sencrop Raincrop Product AgriExpo,Sencrop / AgriExpo,2024,product,https://www.agriexpo.online/prod/sencrop/product-177143-175107.html,
03_live-weather-feeds,S15c,open,AgTecher Field Sensor System Comparison,AgTecher,2025,review,https://agtecher.com/en/fieldsensors/,
03_live-weather-feeds,S16,open,Pessl FieldClimate Manual,METOS by Pessl Instruments,2024,documentation,https://metos.global/en/fieldclimate-manual/,
03_live-weather-feeds,S16b,open,Pessl Instruments Product Portfolio PDF,Pessl Instruments GmbH,2022,documentation,https://metos.global/wp-content/uploads/2022/07/Software-catalog-EN.pdf,
03_live-weather-feeds,S17,open,ECMWF ERA5 Hourly Single Levels Dataset (CDS),ECMWF / Copernicus C3S,2024,dataset,https://cds.climate.copernicus.eu/datasets/reanalysis-era5-single-levels,10.24381/cds.adbb2d47
03_live-weather-feeds,S17b,open,ECMWF ERA5 CDS API Access Guide,ECMWF,2024,documentation,https://confluence.ecmwf.int/plugins/viewsource/viewpagesrc.action?pageId=129135000,
03_live-weather-feeds,S17c,open,ECMWF Open Data Status 2025 News,ECMWF,2025,news,https://www.ecmwf.int/en/about/media-centre/news/2025/ecmwf-achieve-fully-open-data-status-2025,
03_live-weather-feeds,S18,open,Sentinel Hub Pricing Plans,Sentinel Hub / Sinergise,2024,pricing,https://www.sentinel-hub.com/pricing/,
03_live-weather-feeds,S18b,open,Copernicus CLMS Soil Water Index Documentation,Copernicus Data Space Ecosystem,2024,documentation,https://dataspace.copernicus.eu/cases/straight-point-copernicus-land-monitoring-services-data,
03_live-weather-feeds,S18c,open,Guide to New CLMS Datasets 2026,Copernicus Data Space Ecosystem,2026,documentation,https://dataspace.copernicus.eu/news/2026-2-18-guide-newly-launched-clms-datasets,
03_live-weather-feeds,S19,open,AccuWeather Developer API Documentation,AccuWeather Inc.,2024,documentation,https://developer.accuweather.com/documentation/overview,
03_live-weather-feeds,S19b,open,AccuWeather Pricing Page,AccuWeather Inc.,2024,pricing,https://developer.accuweather.com/pricing,
03_live-weather-feeds,S20,open,Weatherbit Agriculture Forecast API Documentation,Weatherbit LLC,2024,documentation,https://www.weatherbit.io/api/ag-weather-api-forecast,
03_live-weather-feeds,S20a,open,Weatherbit AgWeather API,Weatherbit LLC,2024,documentation,https://www.weatherbit.io/api/agweather-api,
03_live-weather-feeds,S20b,open,Weatherbit Agriculture Historical Weather API,Weatherbit LLC,2024,documentation,https://www.weatherbit.io/api/ag-weather-api,
03_live-weather-feeds,S20c,open,Weatherbit Pricing Page,Weatherbit LLC,2024,pricing,https://www.weatherbit.io/pricing,
03_live-weather-feeds,S21,open,AgroMonitoring Platform,OpenWeather Ltd,2024,documentation,https://agromonitoring.com,
03_live-weather-feeds,S21b,open,AgroMonitoring Pricing,OpenWeather Ltd,2024,pricing,https://agromonitoring.com/price,
03_live-weather-feeds,S22,open,John Deere Field Operations API Documentation,Deere & Company,2024,documentation,https://developer.deere.com/dev-docs/field-operations,
03_live-weather-feeds,S23,open,Open-Meteo Pricing,Open-Meteo,2024,pricing,https://open-meteo.com/en/pricing,
03_live-weather-feeds,S23b,open,Open-Meteo Météo-France API,Open-Meteo,2024,documentation,https://open-meteo.com/en/docs/meteofrance-api,
03_live-weather-feeds,P1,paywalled,Validation of a method to estimate leaf wetness duration (Gleason CART model),Gleason et al. / Phytopathology,1994,journal_article,https://apsjournals.apsnet.org/doi/10.1094/Phyto-84-520,10.1094/Phyto-84-520
03_live-weather-feeds,P2,paywalled,Temperature-based zoning of the Bordeaux wine region,Bois et al. / OENO One,2018,journal_article,https://oeno-one.eu/article/view/1580,10.20870/oeno-one.2018.52.4.1580
03_live-weather-feeds,P3,paywalled,DMCAST: A prediction model for grape downy mildew development,Mills et al. / Viticulture and Enology Science,1999,journal_article,,
03_live-weather-feeds,P4,paywalled,A model for forecasting Uncinula necator powdery mildew on grapevines,Willocquet et al. / EPPO Bulletin,1996,journal_article,,
07_miscellaneous,S1,open,Rise in alert fatigue risks phone users disabling notifications,Reddit / ITV News,2025,news,https://www.reddit.com/r/technology/comments/1lg34hl/rise_in_alert_fatigue_risks_phone_users_disabling/,
07_miscellaneous,S2,open,AWN Spray Guidance Tool — hourly spray advisory with Delta-T/temperature inversion/wind logic,AgWeatherNet / WSU Small Grains,2025,tool,https://smallgrains.wsu.edu/spraytool/,
07_miscellaneous,S3,open,Spraying Conditions Feature — 4-factor weather spray advisory,Farmdeck,2025,tool,https://www.farmdeck.com/features/spraying-conditions/,
07_miscellaneous,S4,open,How to achieve 1-meter accuracy in Android — smartphone GPS accuracy review,GPS World,2018,article,https://www.gpsworld.com/how-to-achieve-1-meter-accuracy-in-android/,
07_miscellaneous,S5,open,VineView launches precision GPS for vineyard management — PinPoint RTK 2–5 cm accuracy,HarpersWine / VineView,2024,news,https://harpers.co.uk/news/fullstory.php/aid/32959/VineView_launches_precision_GPS_for_vineyard_management.html,
07_miscellaneous,S6,open,Establishing an Optimal Airblast Carrier Volume — vine canopy 500–1000 L/ha,Sprayers 101,2026,guidance,https://sprayers101.com/airblast-volume/,
07_miscellaneous,S7,open,Spray Drone Guide for Vineyards: Row Spacing Drift Control — FAA Part 107/137 droplet size,Drone Spray Pro,2026,guide,https://dronespraypro.com/blogs/news/vineyard-drone-spraying-guide-row-spacing-drift-control,
07_miscellaneous,S8,open,California Vineyard Spray Record Format: 14 Required DPR Fields,VitiScribe,2026,guide,https://vitiscribe.com/vineyard-spray-record-format-california/,
07_miscellaneous,S9,open,Digital Spray Logs for TTB Compliance — retention 5 years for bonded wineries,VitiScribe,2026,guide,https://vitiscribe.com/digital-spray-logs-ttb-compliance/,
07_miscellaneous,S10,open,Pesticide Record Keeping — Federal RUP 9 required elements 2-year retention,USDA AMS,2024,regulation,https://www.ams.usda.gov/rules-regulations/pesticide-records/understanding,
07_miscellaneous,S11,open,Registre phytosanitaire — nouvelle réglementation numérique obligatoire 2027 — 5-year retention,Chambres d'Agriculture PACA,2026,regulation,https://paca.chambres-agriculture.fr/toutes-les-actualites/detail-de-lactualite/registre-phytosanitaire-une-nouvelle-reglementation-a-compter-de-2026,
07_miscellaneous,S12,open,Understanding Regulation EU 2023/564 — electronic machine-readable PPP records mandatory Jan 2026,Farmable,2025,regulation,https://farmable.tech/digital-pesticide-record-keeping-for-eu-cooperatives-achieve-compliance-with-farmable-enterprise/,
07_miscellaneous,S13,open,Buenas Prácticas Agrícolas (BPA) — Argentina SENASA BPA documentation requirements,Argentina.gob.ar,2019,regulation,https://www.argentina.gob.ar/agricultura/buenas-practicas-agricolas-bpa,
07_miscellaneous,S14,open,Sunlight Readable Displays — outdoor LCD parameters brightness contrast ratio,Riverdi,2024,article,https://riverdi.com/blog/sunlight-readable-displays-the-most-important-parameters-of-outdoor-lcd-displays-you-need-to-know,
07_miscellaneous,S15,open,All accessible touch target sizes — WCAG/Material/Apple HIG comparison,LogRocket Blog,2024,article,https://blog.logrocket.com/ux-design/all-accessible-touch-target-sizes/,
07_miscellaneous,S16,open,Touch Targets on Touchscreens — 1 cm × 1 cm physical minimum (NN/g),Nielsen Norman Group,2019,research,https://www.nngroup.com/articles/touch-target-size/,
07_miscellaneous,S17,open,California Pest Control License & Certification — QAL/QAC/PCA requirements,FieldRoutes,2024,guide,https://www.fieldroutes.com/blog/california-pest-control-license,
07_miscellaneous,S18,open,Best Time to Spray: 4 Ways In-Field Crop Monitoring Can Help — hyperlocal spray timing,Arable,2023,article,https://www.arable.com/blog/four-ways-in-field-crop-monitoring-can-help-determine-the-best-time-to-spray/,
07_miscellaneous,S19,open,When are push notifications most effective in event apps — frequency cap 3-5/day,Guidebook,2026,article,https://www.guidebook.com/glossary/push-notifications-in-event-apps,
07_miscellaneous,S20,open,Chapter 5 — Vineyard Establishment: Partitioning into Blocks — terminology,University of Georgia Viticulture,2022,extension,https://viticulture.uga.edu/files/2022/02/Vineyard-Establishment-NC-Grape-Growers-Guide.pdf,
07_miscellaneous,S21,open,Vineyard Design — Row Orientation Row Spacing Trellis Height — headland 30ft,Double A Vineyards,2014,article,https://doubleavineyards.com/blogs/field-notes/vineyard-design-row-orientation-row-and-vine-spacing-and-trellis-height,
07_miscellaneous,S22,open,RFC 7946 — The GeoJSON Format (IETF standard),IETF,2016,standard,https://datatracker.ietf.org/doc/html/rfc7946,
07_miscellaneous,S23,open,PostgreSQL PostGIS Spatial Indexes GiST BRIN comparison,Alibaba Cloud Community,2020,article,https://www.alibabacloud.com/blog/postgresql-best-practices-selection-and-optimization-of-postgis-spatial-indexes-gist-brin-and-r-tree_597034,
07_miscellaneous,S24,open,AgGateway ADAPT Standard — Field schema definition,AgGateway,2025,standard,https://adaptstandard.org/docs/field/,
07_miscellaneous,S25,open,AgGateway Field Boundary Flyer — four boundary categories Dec 2023,AgGateway,2023,standard,https://aggateway.org/Portals/1010/WebSite/About%20Us/FIELD%20BOUNDARY%20FLYER%20122123.pdf,
07_miscellaneous,S26,open,What Is ISOXML — Guide to ISO 11783 TASKDATA.XML PFD/TSK/DVC schema,ISOXML.tools,2024,standard,https://isoxml.tools/docs/get-started/,
07_miscellaneous,S27,open,How Accurate is GPS in Modern Agriculture — GNSS/DGPS/RTK comparison table,FieldBee,2025,article,https://www.fieldbee.com/blog/how-accurate-is-gps-in-modern-agriculture,
07_miscellaneous,S28,open,GPS Accuracy of Smartphones for Crowdsourcing Research — Cal Poly study mean error 10.6 ft,Cal Poly Digital Commons,2024,research,https://digitalcommons.calpoly.edu/cgi/viewcontent.cgi?article=1052&context=nres_rpt,
07_miscellaneous,S29,open,Six Steps to Calibrate and Optimize Airblast Sprayers for Orchards and Vineyards (PNW749),UGA Viticulture / PNW,2025,extension,https://viticulture.uga.edu/files/2025/04/PNW749_Six-Steps-to-Calibrate-and-Optimize-Airblast-Sprayers-for-Orchards-and-Vineyards.pdf,
07_miscellaneous,S30,open,Airblast Nozzle Process — nozzle selection calibration steps,Sprayers 101,2026,guidance,https://sprayers101.com/airblast-nozzle-process/,
07_miscellaneous,S31,open,Airblast Sprayer — r/viticulture thread 180 L/acre settings data,Reddit Viticulture,2025,forum,https://www.reddit.com/r/viticulture/comments/1jm02uv/airblast_sprayers/,
07_miscellaneous,S32,open,Fresno County CAC — Pesticide Use Permits monthly submission by 10th,Fresno County Agricultural Commissioner,2025,regulation,https://www.fresnocountyca.gov/Departments/Agricultural-Commissioner/Pesticide-Safety/Pesticide-Use-Permits,
07_miscellaneous,S33,open,Yolo County Agriculture — Restricted Materials permit requirements,Yolo County Agriculture,2006,regulation,https://www.yolocounty.gov/government/general-government-departments/agriculture/pesticide-use-enforcement/permit-and-licensing-information,
07_miscellaneous,S34,open,EPA Label Review Manual — FIFRA labeling requirements,US EPA,2024,regulation,https://www.epa.gov/system/files/documents/2024-12/label_review_manual_12122024.pdf,
07_miscellaneous,S35,open,Worker Protection Standard (WPS) — EPA regulation overview,Tennessee PSEP,2020,regulation,https://psep.tennessee.edu/wps/,
07_miscellaneous,S36,open,WPS Handler Training Video — 38 min EPA-approved PPE REI posting requirements,EPA / USDA,2018,training,https://www.youtube.com/watch?v=z2RGYppZw_E,
07_miscellaneous,S37,open,Directive 2009/128/EC on the sustainable use of pesticides (SUD),European Parliament / Council,2009,regulation,https://www.legislation.gov.uk/eudr/2009/128/data.xht,
07_miscellaneous,S38,open,Regulation EC No 1107/2009 — plant protection products placing on market,European Parliament / Council,2009,regulation,https://www.legislation.gov.uk/eur/2009/1107/introduction,
07_miscellaneous,S39,open,Registre phytosanitaire numérique — SMAG guide obligations 2027,SMAG,2026,guide,https://smag.tech/blog/registre-phytosanitaire-numerique/,
07_miscellaneous,S40,open,Mes Parcelles — French farm management and phytosanitary record platform,Le Mas Numérique / AgrOTIC,2023,tool,https://lemasnumerique.agrotic.org/en/mes-parcelles-2/,
07_miscellaneous,S41,open,Argentina Speeds Up Pesticide Registration — Resolution 458/2025 SENASA,AgriBrasilis,2025,news,https://agribrasilis.com/2025/09/11/argentina-acelera-registro-de-pesticidas-com-nova-legislacao-2/,
07_miscellaneous,S42,open,Best Sunlight Readable Touch Screen Monitors for Farming — 1000-1500 nits minimum,Faytech North America,2025,article,https://www.faytech.us/touchscreen-monitor/high-brightness/sunlight-readable/best-sunlight-readable-touch-screen-monitors-for-farming-agriculture/,
07_miscellaneous,S43,open,Sunlight Readable TFT LCDs for Outdoor Vehicles Agricultural — PCAP glove-mode,Kadi Display,2026,article,https://www.kadidisplay.com/blog-news/sunlight-readable-tft-lcds-essential-for-outdoor-vehicles-agricultural/,
07_miscellaneous,S44,open,Understanding WCAG 1.4.3 Contrast Minimum — 4.5:1 AA / 7:1 AAA,W3C / WAI,2026,standard,https://www.w3.org/WAI/WCAG21/Understanding/contrast-minimum,
07_miscellaneous,S45,open,WCAG Accessibility Contrast Testing Tools — 4.5:1 AA 7:1 AAA ratios,Lollypop Design,2026,article,https://lollypop.design/blog/2026/april/12-best-color-contrast-tools-for-wcag-accessibility-testing/,
07_miscellaneous,S46,open,Climate FieldView — digital agriculture app,The Climate Corporation,2025,tool,https://climate.com/en-us.html,
07_miscellaneous,S47,open,Pest Control License Requirements in California — QAL/QAC misdemeanor penalties,Housecall Pro,2023,guide,https://www.housecallpro.com/licensing/pest-control/california/,
07_miscellaneous,S48,open,Herbicides Insecticides Fungicides Respirator Requirements — label-driven PPE,Lake Erie Regional Grape Program,2018,extension,https://lergp.com/respirator-requirements,
07_miscellaneous,S49,open,Fungicide Spray Guidelines for Non-bearing Vineyards — FRAC group rotation PPE,Virginia Tech Cooperative Extension,2021,extension,https://www.pubs.ext.vt.edu/SPES/SPES-315/SPES-315.html,
07_miscellaneous,S50,open,Evaluation of aerial drift during drone spraying of an artificial vineyard,IVES Technical Reviews,2022,peer-reviewed,https://ives-technicalreviews.eu/article/view/7212,
07_miscellaneous,S51,open,PUR Database Column Definitions — CalPIP 14 required DPR fields,CA DPR / CalPIP,2025,regulation,https://calpip.cdpr.ca.gov/infodocs.cfm?page=columndefs,
07_miscellaneous,S52,open,Comparison of GPS Receivers Under a Forest Canopy — USDA Forest Service,USDA Forest Service,2001,research,https://www.fs.usda.gov/t-d/pubs/pdfpubs/pdf01712809/pdf01712809dpi300.pdf,
07_miscellaneous,S53,open,Avoiding Push Fatigue: Common User Turn-Offs — notification personalization timing,ContextSDK,2025,article,https://contextsdk.com/blogposts/avoiding-push-fatigue-common-user-turn-offs,
07_miscellaneous,P1,paywalled,Accuracy and precision evaluation of two low-cost RTK global navigation satellite systems,Valente et al.,2020,journal,https://www.sciencedirect.com/science/article/abs/pii/S0168169918312602,10.1016/j.compag.2018.12.033
07_miscellaneous,P2,paywalled,Target size study for one-handed thumb use on small touchscreen devices,Parhi / Karlson / Bederson,2006,journal,https://dl.acm.org/doi/10.1145/1152215.1152260,10.1145/1152215.1152260
07_miscellaneous,P3,paywalled,Training in the evaluation of pesticides (plant protection products) — EFSA review,EFSA,2023,journal,https://pmc.ncbi.nlm.nih.gov/articles/PMC10687746/,
07_miscellaneous,P4,paywalled,Human fingertip width study — MIT Touch Lab,MIT Touch Lab,2003,research,,,
07_miscellaneous,P5,paywalled,ISO 11783-1:2017 — Agricultural tractors serial data network (ISOBUS),ISO / ASABE,2017,standard,https://cdn.standards.iteh.ai/samples/57556/6d72b9ee40524c4ebc04f82ade71a648/ISO-11783-1-2017.pdf,
04_industry-publications,S1,open,UC IPM Grape Powdery Mildew Guidelines (UC Davis Risk Index),UC IPM / UC Agriculture & Natural Resources,2024,web-guide,https://ipm.ucanr.edu/agriculture/grape/powdery-mildew/,
04_industry-publications,S2,open,Weather-driven Grape IPM Forecast Models from NEWA (DMCast + PM Model),Cornell University / NRCC / Carroll et al.,2010,report,https://ecommons.cornell.edu/server/api/core/bitstreams/2647550e-a854-4187-a49b-fea7f389dd4e/content,
04_industry-publications,S3,open,BSV VIGNE N°02 du 08/04/2026 — Bourgogne-Franche-Comté,CRA BFC / DRAAF Bourgogne-Franche-Comté,2026,bulletin,https://draaf.bourgogne-franche-comte.agriculture.gouv.fr/IMG/pdf/bsv2026-vigne_02_du_08-04-2026.pdf,
04_industry-publications,S4,open,Décitrait — Outil d'Aide à la Décision viticole,Chambres d'Agriculture France / IFV,2025,web-platform,https://chambres-agriculture.fr/etre-accompagne/nos-solutions-numeriques/decitrait,
04_industry-publications,S5,open,Disease Forecasting for Grapevine Mildews: EPI Model in Organic Vineyards in Chianti (also Morales et al. 2023 Microorganisms),Maddalena G. et al. / Università degli Studi di Milano,2023,journal,https://pmc.ncbi.nlm.nih.gov/articles/PMC9866057/,10.3390/microorganisms11010087
04_industry-publications,S6,open,RIMpro — Downy Mildew (Plasmopara) and Grape Powdery Mildew models,RIMpro BV,2024,web-platform,https://rimpro.cloud/platform/downy-mildew-plasmopara/,
04_industry-publications,S7,open,Together for the Better: Improvement of Model Based Strategy for Downy Mildew Management Using Participatory Research,Gessler C. et al. / Plants MDPI,2020,journal,https://pmc.ncbi.nlm.nih.gov/articles/PMC7355483/,10.3390/plants9070836
04_industry-publications,S8,open,WSU FRAME Networks — Grower Information (FRAC Code Updates and Resistance Testing),WSU FRAME Networks,2025,web-guide,https://framenetworks.wsu.edu/grower-information/,
04_industry-publications,S9,open,Managing Powdery Mildew — AWRI Technical Guide (Lag-Phase Control),AWRI / Wine Australia,2010,guide,https://www.awri.com.au/wp-content/uploads/powdery_mildew_manage.pdf,
04_industry-publications,S10,open,Oídio de la vid — Uncinula necator (INTA EEA Mendoza Serie Técnica N°48),Arias M.F. / INTA EEA Mendoza,2021,factsheet,https://repositorio.inta.gob.ar/bitstream/handle/20.500.12123/13114/INTA_CRMendozaSanJuan_EEAMendoza_Arias%2C%20MF_O%C3%ADdio%20de%20la%20vid%20Uncinula%20necator.pdf,
04_industry-publications,S11,open,UC IPM PHI/REI Table for California Grape Fungicides,UC IPM / UC Agriculture & Natural Resources,2024,web-guide,https://ipm.ucanr.edu/agriculture/grape/powdery-mildew/,
04_industry-publications,S12,open,UC IPM Downy Mildew — Grape Guidelines,UC IPM / UC Agriculture & Natural Resources,2017,web-guide,https://ipm.ucanr.edu/agriculture/grape/downy-mildew/,
04_industry-publications,S13,open,2025 New York and Pennsylvania Pest Management Guidelines for Grapes (Preview),Cornell University Cooperative Extension,2025,guide,https://cropandpestguides.cce.cornell.edu/Preview/2025/2025_Grape_Guide_Preview.pdf,
04_industry-publications,S14,open,How to Deal with a Vineyard Powdery Mildew Outbreak,OSU Extension,2019,extension,https://extension.oregonstate.edu/crop-production/wine-grapes/how-deal-vineyard-powdery-mildew-outbreak,
04_industry-publications,S15,open,Grape: Powdery Mildew — WSU HortSense Factsheet,WSU HortSense,2025,factsheet,https://hortsense.cahnrs.wsu.edu/fact-sheet/grape-powdery-mildew/,
04_industry-publications,S16,open,Basic Training for Combating Mildew — Washington Wine Commission / WSU (Moyer M.),Washington Wine Commission / WSU,2021,guide,https://www.washingtonwine.org/wp-content/uploads/2021/05/PM-PWV-2.pdf,
04_industry-publications,S17,open,WSU FRAME Networks — Grower Information (Resistance Testing Resources),WSU FRAME Networks,2025,web-guide,https://framenetworks.wsu.edu/grower-information/,
04_industry-publications,S18,open,Mid to Late Season Control of Downy and Powdery Mildew in 2020,Hed B. / Penn State Extension Wine & Grapes U,2020,blog,https://psuwineandgrapes.wordpress.com/2020/06/24/mid-to-late-season-control-of-downy-and-powdery-mildew-and-bunch-and-sour-rots-in-2020/,
04_industry-publications,S19,open,Powdery Mildew of Grapes — VT Factsheet,Virginia Tech Alson H. Smith Jr. AREC,2022,factsheet,https://www.arec.vaes.vt.edu/content/dam/arec_vaes_vt_edu/alson-h-smith/grapes/pathology/extension/factsheets/powdery_mildew.pdf,
04_industry-publications,S20,open,Online Guide to Grapevine Diseases — Fungicides (VT),Virginia Tech Alson H. Smith Jr. AREC,2022,guide,https://www.arec.vaes.vt.edu/content/dam/arec_vaes_vt_edu/alson-h-smith/grapes/pathology/extension/fungicide/fungicides.pdf,
04_industry-publications,S21,open,Fungicide Spray Guidelines for Non-Bearing Vineyards (VT Pub. SPES-315),Virginia Tech Extension,2021,extension,https://www.pubs.ext.vt.edu/SPES/SPES-315/SPES-315.html,
04_industry-publications,S22,open,Field Evaluation of Expertise-Based Decision System for Fungicide Management of Grapevine Mildews (Mildium / GrapeMilDeWS),Delière L. et al. / INRAE Bordeaux,2015,journal,https://sante-agroecologie-vignoble.bordeaux-aquitaine.hub.inrae.fr/media/publications/acl/2015-acl/2015-acl-deliere-pms,10.1002/ps.3917
04_industry-publications,S23,open,Forecasting Severe Grape Downy Mildew Attacks Using Machine Learning,Delière L. et al. / INRAE Bordeaux,2020,journal,https://pmc.ncbi.nlm.nih.gov/articles/PMC7067461/,10.1371/journal.pone.0230136
04_industry-publications,S24,open,A Participatory Approach to Involve Winegrowers in Pesticide Use Reduction,INRAE/IFV,2024,report,https://hal.inrae.fr/hal-04474605v1/document,
04_industry-publications,S25,open,Oïdium — Fiche Pratique IFV,IFV (Institut Français de la Vigne et du Vin),2022,factsheet,https://www.vignevin.com/publications/fiches-pratiques/oidium/,
04_industry-publications,S26,open,Note Technique Nationale Résistances 2025 sur les Maladies de la Vigne,IFV / UGVC,2025,technical-note,https://ugvc.fr/2025/01/22/ifv-note-technique-2025-sur-les-resistances-aux-maladies-de-la-vigne/,
04_industry-publications,S27,open,Publication de la Note Technique Nationale OSCAR 2026,IFV / INRAE / Chambres d'Agriculture,2026,technical-note,https://www.vignevin.com/article/publication-de-la-note-technique-nationale-oscar-2026/,
04_industry-publications,S28,open,BSV Viticulture Cahors N°6 — 06/05/2025 (Occitanie),Chambres d'Agriculture Occitanie,2025,bulletin,https://occitanie.chambres-agriculture.fr/fileadmin/user_upload/265_chambre_dagriculture_-_occitanie/BSV/Midi-Pyrenees/Viticulture_Cahors/2025/BSV_VITI_MP_Cahors_N6_06052025.pdf,
04_industry-publications,S29,open,Oidio Detection — Project for Sustainable Application of Phytosanitary Treatments,ICVV (Instituto de Ciencias de la Vid y del Vino),2018,web-report,http://www.icvv.es/english/oidio-detection-project-sustainable-application-phytosanitary-treatments,
04_industry-publications,S30,open,Abstracts: Integrated Protection in Viticulture (IOBC / ICVV La Rioja),ICVV / IOBC,2022,conference,https://www.icvv.es/english/sites/default/files/archivos/abstracts_book_integrated_protection_in_viticulture.pdf,
04_industry-publications,S31,open,Estrategias para el Manejo de Enfermedades en el Cultivo de Vid (INTA Catamarca),INTA Argentina,2024,web-report,https://www.argentina.gob.ar/noticias/estrategias-para-el-manejo-de-enfermedades-en-el-cultivo-de-vid,
04_industry-publications,S32,open,A Wet Season Update — Managing Fungal Diseases Between Veraison and Harvest,AWRI,2024,ebulletin,https://www.awri.com.au/information_services/ebulletin/2024/01/11/a-wet-season-update-managing-fungal-diseases-between-veraison-and-harvest/,
04_industry-publications,S33,open,Overview of Powdery Mildew and Chemical Control (ASVO Proceedings 335),ASVO (Australian Society of Viticulture and Oenology),2019,proceedings,https://www.asvo.com.au/sites/default/files/uploaded-content/website-content/asvo_proceedings_335_overview_of_powdery_mildew_and_chemical_control.pdf,
04_industry-publications,S34,open,Managing Powdery Mildew — Q&A Factsheet,Barossa Wine / GWRDC,2010,factsheet,https://www.barossawine.com/wp-content/uploads/2020/10/GWRDC_Powdery-Mildew_QA.pdf,
04_industry-publications,S35,open,Effects of Spraying Strategies Based on Monitored Disease Risk on Grape Disease Control in Marlborough,Agnew R. et al. / NZ Plant Protection Society,2004,journal,https://nzpps.org/_journal/index.php/nzpp/article/download/6937/6765/9139,
04_industry-publications,S36,open,Rapid Detection of Fungicide-Resistance in Grapevine Powdery Mildew,Bragato Research Institute (BRI),2026,web-report,https://bri.co.nz/2026/01/27/rapid-detection-of-fungicide/,
04_industry-publications,S37,open,Vintel — The Software (iTK DSS for Viticulture),Vintel / iTK,2025,web-platform,https://vintel-itk.com/en/the-software/,
04_industry-publications,S38,open,Sectormentor for Vines Overview — Napa Green Presentation,Sectormentor / Vidacycle,2025,presentation,http://napagreen.org/wp-content/uploads/2025/11/PUBLIC_-Sectormentor-for-Vines-Overview-Vidacycle.pdf,
04_industry-publications,S39,open,eVineyard — Decision Support System for Integrated Pest Management in the Vineyard,eVineyard,2018,blog,https://www.evineyardapp.com/blog/2018/07/17/decision-support-system-for-integrated-pest-management-in-the-vineyard/,
04_industry-publications,S40,open,Pessl Instruments / METOS — Disease Models Grapevine,Pessl Instruments / METOS,2025,web-platform,https://metos.global/en/disease-models-grapevine/,
04_industry-publications,S41,open,How to Combat Powdery Mildew in Vines (Sencrop Blog),Sencrop,2025,blog,https://uk.blog.sencrop.com/how-to-combat-powdery-mildew-in-vines/,
04_industry-publications,S42,open,Guía Tratamientos Viña 2021 (Corteva Agriscience Spain),Corteva Agriscience,2021,guide,https://www.corteva.com/content/dam/dpagco/corteva/eu/es/es/files/catalogos-d%C3%ADpticos/DOC-GuiaTratamientosVina2021_Corteva_EU_ES.pdf,
04_industry-publications,S43,open,FRAC Code List 2025,FRAC (Fungicide Resistance Action Committee),2025,reference,https://www.frac.info/media/ljsi3qrv/frac-code-list-2025.pdf,
04_industry-publications,S44,open,FRAC CAA Working Group Minutes and Recommendations 2024,FRAC CAA Working Group,2024,report,https://www.frac.info/media/vxijjl0d/minutes-of-the-2024-caa-meeting-recommendations-for-2024.pdf,
04_industry-publications,S45,open,FRAC Mode of Action Group Reference,FRAC,2025,web-reference,https://www.frac.info/fungicide-resistance-management/by-frac-mode-of-action-group/,
04_industry-publications,S46,open,IPW South Africa — FRAC Code List for Fungicides on Wine Grapes,IPW (Integrated Production of Wine) South Africa,2024,reference,https://www.ipw.co.za/content/ip_codings/frac_codes.pdf,
04_industry-publications,S47,open,California DPR Pesticide Reporting for Vineyards (VitiScribe Guide),VitiScribe / CDPR,2025,guide,https://vitiscribe.com/california-dpr-reporting/,
04_industry-publications,S48,open,EU Pesticides Database,European Commission DG SANTE,2025,database,https://food.ec.europa.eu/plants/pesticides/eu-pesticides-database_en,
04_industry-publications,S49,open,SENASA Argentina — National Plant Protection Product Registry,SENASA Argentina,2025,database,https://www.argentina.gob.ar/senasa,
04_industry-publications,S50,open,Mildiu de la Vid — Chemical Control Summary (Vitivinicultura.net / ICVV),Vitivinicultura.net / ICVV,2023,web-guide,https://www.vitivinicultura.net/mildiu-de-la-vid-enfermedades-vina.html,
04_industry-publications,P1,paywalled,Predictive Models for Grape Downy Mildew as a Decision Support System in Mediterranean Conditions,Puelles M. et al. / Crop Protection (Elsevier),2024,journal,https://www.sciencedirect.com/science/article/abs/pii/S0261219423002739,10.1016/j.cropro.2023.106484
04_industry-publications,P2,paywalled,Field Evaluation of Expertise-Based Decision System for Fungicide Management of Grapevine Mildews (Wiley full text),Delière L. et al. / Pest Management Science,2015,journal,https://onlinelibrary.wiley.com/doi/10.1002/ps.3917,10.1002/ps.3917
04_industry-publications,P3,paywalled,A Weather-Driven Model for Predicting Infections of Grapevines by Plasmopara viticola,Caffi T. et al. / Frontiers in Plant Science,2021,journal,https://pmc.ncbi.nlm.nih.gov/articles/PMC7985336/,10.3389/fpls.2021.636607
04_industry-publications,P4,paywalled,Current Trends and Perspectives on Predictive Models for Mildew Diseases in Vineyard,Morales M. et al. / Microorganisms (MDPI),2023,journal,https://pmc.ncbi.nlm.nih.gov/articles/PMC9866057/,10.3390/microorganisms11010087
01_visual-detection,S1,open,Grapevine Powdery Mildew (*Erysiphe necator*) Fruit Fact Sheet,Cornell CALS IPM,2025,Fact sheet,https://cals.cornell.edu/integrated-pest-management/outreach-education/fact-sheets/grapevine-powdery-mildew-erysiphe-necator-fruit-fact-sheet,
01_visual-detection,S2,open,Distinctive Symptoms and Signs of Downy Mildew on Cold-Climate Grapevines,Schilder et al.,2017,APS Plant Health Progress article,https://apsjournals.apsnet.org/doi/10.1094/PHP-01-17-0009-DG,
01_visual-detection,S3,open,"Grapevine powdery mildew (*Erysiphe necator*): a fascinating system for the study of the biology, ecology and epidemiology of an obligate biotroph",Gadoury et al.,2011,"Review, *Molecular Plant Pathology*",https://pmc.ncbi.nlm.nih.gov/articles/PMC6638670/,
01_visual-detection,S4,open,Downy Mildew / Grape / Agriculture — UC IPM,UC ANR / UC Davis,2017,Extension guideline,https://ipm.ucanr.edu/agriculture/grape/downy-mildew/,
01_visual-detection,S4b,open,Powdery Mildew / Grape / Agriculture — UC IPM,UC ANR / UC Davis,2017,Extension guideline,https://ipm.ucanr.edu/agriculture/grape/powdery-mildew/,
01_visual-detection,S5,open,A Fresh Look at Grape Powdery Mildew (*Erysiphe necator*) A and B Genotypes,Váczy et al.,2020,"Research article, *Plants* (MDPI)",https://pmc.ncbi.nlm.nih.gov/articles/PMC7570353/,
01_visual-detection,S6,open,Distinctive Symptoms and Signs of Downy Mildew on Cold-Climate Grapevines — Full,Schilder et al.,2017,APS open-access article with photos,https://apsjournals.apsnet.org/doi/10.1094/PHP-01-17-0009-DG,
01_visual-detection,S7,open,Grape (Vitis spp.)-Downy Mildew — PNW Pest Mgmt Handbooks,Oregon State / PNW Extension,2024,Online guideline,https://pnwhandbooks.org/plantdisease/host-disease/grape-vitis-spp-downy-mildew,
01_visual-detection,S8,open,Esca (Black Measles) / Grape — UC IPM,UC ANR / UC Davis,2015,Extension guideline,https://ipm.ucanr.edu/agriculture/grape/esca-black-measles/,
01_visual-detection,S9,open,EPPO PP 1/004 — Efficacy Trials for Fungicides on Grapevines (Powdery Mildew),EPPO,2004,Standard (via Scribd),https://www.scribd.com/document/109325735/pp1-004-e,
01_visual-detection,S10,open,Differences in incidence and severity of powdery mildew and downy mildew (Horsfall-Barratt),Berkett et al. / UVM,2009,Conference proceedings PDF,https://www.uvm.edu/~orchard/fruit/pubs/09Berkett_INRA_GrapePM_DM.pdf,
01_visual-detection,S11,open,"Grading for grapevine downy mildew and feature extraction methods for predicting abaxial lesions from adaxial leaf images (GDCNet, 6,740 images)",Liu et al.,2025,"Research article, *Frontiers in Plant Science*",https://www.frontiersin.org/journals/plant-science/articles/10.3389/fpls.2025.1688315/full ; PMC: https://pmc.ncbi.nlm.nih.gov/articles/PMC12586135/,
01_visual-detection,S12,open,An Open Access Repository of Images on Plant Health (PlantVillage),Hughes & Salathé,2016,"Dataset paper, arXiv",https://github.com/spMohanty/PlantVillage-Dataset,
01_visual-detection,S13,open,An annotated image dataset of downy mildew symptoms on Merlot grape variety (INRAE/IMS dataset),Abdelghafour et al.,2021,"Dataset paper, *Data in Brief*",https://pmc.ncbi.nlm.nih.gov/articles/PMC8258852/,
01_visual-detection,S14,open,HERMOS: An Annotated Image Dataset for Visual Detection of Grape Leaf Diseases,Özacar T.,2021,"Dataset, Mendeley Data",https://data.mendeley.com/datasets/j4xs3kh3fd,
01_visual-detection,S15,open,Grapes leaf disease dataset for precision agriculture (NGLD),Dharrao et al.,2025,"Dataset paper, *Data in Brief*",https://pmc.ncbi.nlm.nih.gov/articles/PMC12210286/,
01_visual-detection,S16,open,Determination of downy mildew and powdery mildew severity (Townsend-Heuberger formula application),Yıldız et al.,2017,"Research article, *South African Journal of Enology and Viticulture*",http://www.scielo.org.za/scielo.php?script=sci_arttext&pid=S2224-79042017000100002,
01_visual-detection,S17,open,"Photo Guide to Diseases of Cold-Climate Grapes (UW-Madison, season-long)",Smiley et al. / Wisconsin Extension,2017,Photo guide PDF,https://fruit.wisc.edu/wp-content/uploads/sites/36/2017/04/Photo-guide-to-diseases-of-cold-climate-grapes-final3.pdf,
01_visual-detection,S18,open,Identification Guide to the Major Diseases of Grapes,Agriculture Canada,2018,Identification guide,https://agriculture.canada.ca/en/agricultural-production/crop-protection/agricultural-pest-management-resources/identification-guide-major-diseases-grapes,
01_visual-detection,S19,open,Automated detection of downy mildew and powdery mildew symptoms in grapevines,Ghiani et al.,2025,"Research article, *Smart Agricultural Technology*",https://www.sciencedirect.com/science/article/pii/S2772375525001108,
01_visual-detection,S20,open,How to Identify Downy Mildew vs. Powdery Mildew in Grapevines,Wikifarmer,2025,Reference article,https://wikifarmer.com/library/en/article/how-to-identify-downy-mildew-vs-powdery-mildew-in-grapevines-practical-guide-for-farmers,
01_visual-detection,S21,open,Grapevine Downy Mildew Fact Sheet — Cornell CALS,Cornell CALS IPM,2025,Fact sheet,https://cals.cornell.edu/integrated-pest-management/grapevine-downy-mildew-plasmopara-viticola-fruit-fact-sheet,
01_visual-detection,S22,open,Embrapa WGISD — Wine Grape Instance Segmentation Dataset,Santos et al. / Embrapa,2019,Dataset paper + Zenodo,https://zenodo.org/records/3361736,
01_visual-detection,S23,open,PlantDoc: A Dataset for Visual Plant Disease Detection,Singh et al.,2020,Dataset/conference paper,https://github.com/pratikkayal/PlantDoc-Dataset,
01_visual-detection,S24,open,Machine Learning-Based Classification of Powdery Mildew Severity,Pérez-Roncal et al. (hyperspectral),2020,"Research article, *Image and Signal Processing*",https://pmc.ncbi.nlm.nih.gov/articles/PMC7340913/,
01_visual-detection,S25,open,Grapevine Disease Dataset (environmental sensor dataset),Gawande et al.,2024,"Dataset paper, *Data in Brief*",https://pmc.ncbi.nlm.nih.gov/articles/PMC11190471/,
01_visual-detection,S26,open,METOS Disease Models — Grapevine,Pessl Instruments,2025,Online reference,https://metos.global/en/disease-models-grapevine/,
01_visual-detection,S27,open,"Effects of Different Fungicide Treatments on Grape (Townsend-Heuberger, 9-class scale)",SINAB/CRA-PAV,~2010,Technical report PDF,https://sinab.it/wp-content/uploads/2024/10/UO-1-3-CRA-PAVa9.pdf,
01_visual-detection,S28,open,Embrapa — Database brings photos on agricultural diseases (Digipathos),Embrapa,2019,News article,https://www.embrapa.br/en/busca-de-noticias/-/noticia/42625970/database-brings-photos-and-information-about-main-agricultural-diseases,
01_visual-detection,S29,open,Napa Valley Grapegrowers — Grapevine Diseases,Napa Valley Grapegrowers,2024,Industry resource,https://www.napagrowers.org/grapevine-diseases.html,
01_visual-detection,P1,paywalled,EPPO Standard PP 1/004 (4th ed.) — Efficacy evaluation of fungicides: Erysiphe necator on grapevine,EPPO,2004,Regulatory standard,https://www.eppo.int/RESOURCES/eppo_standards/pp1,Not applicable (EPPO publication)
01_visual-detection,P2,paywalled,Improved classification accuracy of powdery mildew infection levels of wine grapes by spatial-spectral analysis of hyperspectral images,Knauer et al.,2017,Research article,https://plantmethods.biomedcentral.com/articles/10.1186/s13007-017-0198-Y,10.1186/S13007-017-0198-Y
01_visual-detection,P3,paywalled,"A Deep-Learning-Based Real-Time Detector for Grape Leaf Diseases (GLDD dataset, 4,449 images)",Tang et al.,2020,Research article,https://pmc.ncbi.nlm.nih.gov/articles/PMC7285655/,10.3389/fpls.2020.00751
01_visual-detection,P4,paywalled,Disease Susceptibility of Cold-Climate Grapes in Vermont,Hazelrigg et al.,2018,Pre-publication PDF,https://www.uvm.edu/~orchard/fruit/pubs/18Hazelrigg_ISHS_GrapeDiseasePrePub.pdf,N/A
06_outbreak-prediction,S1,open,UC Davis Powdery Mildew Risk Index,"Gubler, Rademacher, Vasquez, Thomas",1999,,https://www.apsnet.org/edcenter/apsnetfeatures/Pages/UCDavisRisk.aspx,
06_outbreak-prediction,S2,open,Revisions to the UC Davis Powdery Mildew Risk Index,Gubler et al,2013,,https://pubmed.ncbi.nlm.nih.gov/30708457/,
06_outbreak-prediction,S3,open,UC IPM: Models for Grape Powdery Mildew (Thomas et al. 1994; Snyder & Sall 1983). https://ipm.ucanr.edu/DISEASE/DATABASE/grapepowderymildew.html,,,,https://ipm.ucanr.edu/DISEASE/DATABASE/grapepowderymildew.html,
06_outbreak-prediction,S4,open,DMCAST: A Prediction Model for Grape Downy Mildew,"Park EW, Seem RC, Gadoury DM, Pearson RC",1997,,https://pascal-francis.inist.fr/vibad/index.php?action=getRecordDetail&idt=2244697,
06_outbreak-prediction,S5,open,Grapevine Downy Mildew,UC IPM Agriculture page,,,https://ipm.ucanr.edu/agriculture/grape/downy-mildew/,
06_outbreak-prediction,S6,open,Current Trends and Perspectives on Predictive Models for Mildew Diseases in Vineyards,"Velasquez-Camacho L, Otero M, Basile B, Pijuan J, Corrado G",2023,,https://pmc.ncbi.nlm.nih.gov/articles/PMC9866057/,
06_outbreak-prediction,S7,open,A Mechanistic Model Simulating Primary Infections of Downy Mildew in Grapevine,"Caffi T, Rossi V, Bugiani R",2009,,https://www.academia.edu/14032502/,
06_outbreak-prediction,S8,open,A Weather-Driven Model for Predicting Infections of Grapevines by *Plasmopara viticola*,"Caffi T, et al",2021,,https://pmc.ncbi.nlm.nih.gov/articles/PMC7985336/,
06_outbreak-prediction,S9,open,RIMpro-Plasmopara model description. RIMpro Cloud. https://rimpro.cloud/platform/downy-mildew-plasmopara/,,,,https://rimpro.cloud/platform/downy-mildew-plasmopara/,
06_outbreak-prediction,S10,open,A Simple Generic Infection Model for Foliar Fungal Plant Pathogens,"Magarey RD, Sutton TB, Thayer CL",2005,,https://pubmed.ncbi.nlm.nih.gov/18943841/,
06_outbreak-prediction,S11,open,Models of Fungal Pathogens,,,,https://wiki.wiforagri.com/wiki/wikieng/models-fungal-pathogens,
06_outbreak-prediction,S12,open,Simulation of Potential Epidemics of Downy Mildew of Grapevine,"Bove F, Savary S, Willocquet L, Rossi V",2020,,https://hal.inrae.fr/hal-02946487v1/document,
06_outbreak-prediction,S13,open,Dynamics of Ascospore Maturation and Discharge in *Erysiphe necator*,"Rossi V, Caffi T, Legler SE",2010,,https://pubmed.ncbi.nlm.nih.gov/21062172/,
06_outbreak-prediction,S14,open,Risk Assessment Index in Grape Powdery Mildew Control Decisions,"Bendek CE, et al",2007,,https://pdfs.semanticscholar.org/042a/4486f54c5247a955267015d898bc9a9ba953.pdf,
06_outbreak-prediction,S15,open,Deep Learning Based Automatic Grape Downy Mildew Detection (YOLOv5-CA),,2022,,https://www.frontiersin.org/journals/plant-science/articles/10.3389/fpls.2022.872107/full,
06_outbreak-prediction,S16,open,Grading for Grapevine Downy Mildew and Feature Extraction Methods (GDCNet),,2025,,https://pmc.ncbi.nlm.nih.gov/articles/PMC12586135/,
06_outbreak-prediction,S17,open,APS Education Center: Case Study #1,Simple Generic Infection Model,,,https://www.apsnet.org/edcenter/sites/EcologyAndEpidemiologyInR/DiseaseForecasting/Pages/CaseStudy1SimpleGenericInfectionModel.aspx,
06_outbreak-prediction,S18,open,Forecasting Severe Grape Downy Mildew Attacks Using Machine Learning,"Chen M, Brun F, Raynal M, Makowski D",2020,,https://pmc.ncbi.nlm.nih.gov/articles/PMC7067461/,
06_outbreak-prediction,S19,open,Grapevine Disease Prediction Using Climate Variables from Multi-Sensor Remote Sensing Imagery via a Transformer Model,"Zhao W, Efremova N",2024,,https://arxiv.org/html/2406.07094v1,
06_outbreak-prediction,S20,open,Grapevine Disease Risk Assessment Through Multi-modal Data,ScienceDirect,2026,,https://www.sciencedirect.com/science/article/pii/S2772375526002637,
06_outbreak-prediction,S21,open,PV-Sensing: Innovative Sensors in the Vineyard for Downy Mildew Infections Forecasting. Project brochure. https://www.pvsensing.it/wp-content/uploads/2020/06/brochure_pvsensing_2_versione_web_ENGL.pdf,,,,https://www.pvsensing.it/wp-content/uploads/2020/06/brochure_pvsensing_2_versione_web_ENGL.pdf,
06_outbreak-prediction,S22,open,VineAI: Artificial Intelligence for Fungal Disease,Zhao et al,,,https://ives-openscience.eu/55832/,
06_outbreak-prediction,S23,open,Predicting Crop Disease Severity Using Real-Time Weather Variability,ANN models for powdery mildew,2025,,https://pmc.ncbi.nlm.nih.gov/articles/PMC12501241/,
06_outbreak-prediction,S24,open,"Primary Infection, Lesion Productivity, and Survival of Sporangia in *P. viticola*",Kennelly MM et al,2007,,https://pubmed.ncbi.nlm.nih.gov/18943292/,
06_outbreak-prediction,S25,open,Evaluation of a Dynamic Model for Primary Infections by *Plasmopara viticola* in Quebec,"Caffi T, Rossi V, Carisse O",2011,,https://apsjournals.apsnet.org/doi/pdf/10.1094/PHP-2011-0126-01-RS,
06_outbreak-prediction,S26,open,Intelligent Grapevine Disease Detection Using IoT Sensor Network,,2023,,https://pmc.ncbi.nlm.nih.gov/articles/PMC10525083/,
06_outbreak-prediction,S27,open,A Technical Survey on Practical Applications and Guidelines for IoT Sensors in Viticulture,,2024,,https://pmc.ncbi.nlm.nih.gov/articles/PMC11608269/,
06_outbreak-prediction,S28,open,Can Spore Sampler Data Be Used to Predict *Plasmopara viticola* Infections?,,2020,,https://www.frontiersin.org/journals/plant-science/articles/10.3389/fpls.2020.01187/full,
06_outbreak-prediction,S29,open,Empirical vs. Mechanistic Models for Primary Infections of *Plasmopara viticola* on Grapevine,,2007,,https://onlinelibrary.wiley.com/doi/10.1111/j.1365-2338.2007.01120.x,
06_outbreak-prediction,S30,open,Revising the Gubler-Thomas Model: Adding Real-Time PCR and Revised High Temperature Threshold,AVF Research Summary,2009,,https://avf.org/research-summary/revising-the-gubler-thomas-model-for-powdery-mildew-adding-real-time-pcr-and-a-revised-high-temperature-threshold/,
06_outbreak-prediction,S31,open,Mildew Risk Models,,,,https://info.mywildeye.com/info/mildew-risk-models,
06_outbreak-prediction,S32,open,Quantitative Model for Describing Sporulation of *Plasmopara viticola*,Lalancette et al,1988,,https://www.apsnet.org/publications/phytopathology/backissues/Documents/1988Articles/Phyto78n10_1316.pdf,
06_outbreak-prediction,P1,paywalled,Thomas CS et al. (1994). Original Gubler-Thomas model paper. *Plant Disease*.,,1994,,,
06_outbreak-prediction,P2,paywalled,Gubler WD et al. (2013). Revisions to the UC Davis Powdery Mildew Risk Index. *Plant Disease* 97(7). DOI: 10.1094/PDIS-09-12-0871-RE.,,2013,,,10.1094/PDIS-09-12-0871-RE.
06_outbreak-prediction,P3,paywalled,"Caffi T, Rossi V, Legler SE, Bugiani R (2011). A mechanistic model simulating ascosporic infections by *Erysiphe necator*. *Plant Pathology* 60(3):522–531. DOI: 10.1111/j.1365-3059.2010.02395.x.",,2011,,,10.1111/j.1365-3059.2010.02395.x.
06_outbreak-prediction,P4,paywalled,Strizyk S (1983). Modèle de comportement: état potentiel d'infection. *Phytoma* No. 347. AGRIS: 64774d23a3fd11e4303868ef.,,1983,,,
06_outbreak-prediction,P5,paywalled,"Park EW, Seem RC, Gadoury DM, Pearson RC (1997). DMCast: A prediction model for grape downy mildew development. *Phytopathologia Mediterranea* 36:3–11.",,1997,,,
06_outbreak-prediction,P6,paywalled,"Magarey RD, Sutton TB, Thayer CL (2005). A simple generic infection model. *Phytopathology* 95(1):92–100. DOI: 10.1094/PHYTO-95-0092. (Also open access via Semanticscholar.)",,2005,,,10.1094/PHYTO-95-0092.
06_outbreak-prediction,P7,paywalled,Bendek CE et al. (2007). Risk assessment index in grape powdery mildew control. *Spanish Journal of Agricultural Research* 5(4):522–532.,,2007,,,
06_outbreak-prediction,P8,paywalled,"Caffi T, Rossi V, Bugiani R (2009). Evaluation of a mechanistic primary infection model. *Journal of Plant Pathology* 91(3):615–627.",,2009,,,
06_outbreak-prediction,P9,paywalled,"Kennelly MM, Gadoury DM, Wilcox WF, Seem RC, Luby JJ, Ficke A (2007). Primary infection, lesion productivity, and survival of sporangia in *P. viticola*. *Phytopathology* 97:512–522.",,2007,,,
06_outbreak-prediction,P10,paywalled,"Rossi V, Caffi T, Legler SE (2010). Dynamics of ascospore maturation in *Erysiphe necator*. *Phytopathology* 100(12):1321–1329.",,2010,,,
11_agent-architecture,S1,open,AgentMail — Email Inbox API for AI Agents (homepage),AgentMail Inc.,2025,product,https://agentmail.to,
11_agent-architecture,S2,open,AgentMail Quickstart Documentation,AgentMail Inc.,2026,docs,https://docs.agentmail.to/quickstart,
11_agent-architecture,S3,open,How do I set up SPF DKIM and DMARC?,AgentMail Inc.,2026,docs,https://www.agentmail.to/docs/knowledge-base/spf-dkim-dmarc,
11_agent-architecture,S4,open,AgentMail Pricing,AgentMail Inc.,2025,pricing,https://agentmail.to/pricing,
11_agent-architecture,S5,open,LangGraph Agent Orchestration Framework,LangChain,2025,product,https://www.langchain.com/langgraph,
11_agent-architecture,S6,open,LangGraph Pricing Guide: How Much Does It Cost?,ZenML Blog,2025,analysis,https://www.zenml.io/blog/langgraph-pricing,
11_agent-architecture,S7,open,Multi-tenant per-user checkpoint querying with AsyncPostgresSaver,LangChain Forum,2025,forum,https://forum.langchain.com/t/multi-tenant-per-user-checkpoint-querying-with-asyncpostgressaver/2604,
11_agent-architecture,S8,open,Mastering LangGraph Checkpointing Best Practices for 2025,Sparkco AI,2025,blog,https://sparkco.ai/blog/mastering-langgraph-checkpointing-best-practices-for-2025,
11_agent-architecture,S9,open,LangSmith Plans and Pricing,LangChain,2025,pricing,https://www.langchain.com/pricing,
11_agent-architecture,S10,open,CrewAI Pricing Guide Plans and Features,ZenML Blog,2025,analysis,https://www.zenml.io/blog/crewai-pricing,
11_agent-architecture,S11,open,Letta's Next Phase,Letta,2026,blog,https://www.letta.com/blog/our-next-phase,
11_agent-architecture,S12,open,Agent Memory: How to Build Agents that Learn and Remember,Letta,2025,blog,https://www.letta.com/blog/agent-memory,
11_agent-architecture,S13,open,Sleep-time Compute,Letta,2025,research,https://www.letta.com/blog/sleep-time-compute,
11_agent-architecture,S14,open,Letta Pricing,Letta,2025,pricing,https://www.letta.com/pricing,
11_agent-architecture,S15,open,Assistants Migration Guide (Responses API),OpenAI,2025,docs,https://platform.openai.com/docs/assistants/overview,
11_agent-architecture,S16,open,Multitenant Azure OpenAI isolation patterns,Microsoft / GitHub,2024,docs,https://github.com/microsoftdocs/architecture-center/blob/main/docs/guide/multitenant/service/openai.md,
11_agent-architecture,S17,open,OpenAI API Pricing,OpenAI,2025,pricing,https://openai.com/api/pricing/,
11_agent-architecture,S18,open,AI Agent Security GDPR HIPAA SOC 2 Requirements,P0stman,2025,guide,https://p0stman.com/guides/ai-agent-security-data-privacy-guide-2025.html,
11_agent-architecture,S19,open,Tool Use with Claude — Agents and Tools Overview,Anthropic,2025,docs,https://platform.claude.com/docs/en/agents-and-tools/tool-use/overview,
11_agent-architecture,S20,open,Effective Harnesses for Long-Running Agents,Anthropic Engineering,2025,blog,https://www.anthropic.com/engineering/effective-harnesses-for-long-running-agents,
11_agent-architecture,S21,open,Inbound Email Processing — Postmark,Postmark,2025,docs,https://postmarkapp.com/inbound-email,
11_agent-architecture,S22,open,Replace Traditional Email Polling with SES and Lambda,AWS Blog,2021,blog,https://aws.amazon.com/blogs/messaging-and-targeting/replace-traditional-email-mailbox-polling-with-real-time-reads-using-amazon-ses-and-lambda/,
11_agent-architecture,S23,open,Inbound Webhook — Postmark Developer Documentation,Postmark,2025,docs,https://postmarkapp.com/developer/webhooks/inbound-webhook,
11_agent-architecture,S24,open,Email Deliverability for AI Agents SPF DKIM DMARC,Reddit r/aiagents,2026,community,https://www.reddit.com/r/aiagents/comments/1smef3h/email_deliverability_for_ai_agents_what_spf_dkim/,
11_agent-architecture,S25,open,GDPR-Compliant AI Agents 2026 Enterprise Security,Technova Partners,2026,guide,https://technovapartners.com/en/insights/security-gdpr-enterprise-ai-agents,
11_agent-architecture,S26,open,Build Multi-Agent Systems with LangGraph and Amazon Bedrock,AWS ML Blog,2025,blog,https://aws.amazon.com/blogs/machine-learning/build-multi-agent-systems-with-langgraph-and-amazon-bedrock/,
11_agent-architecture,S27,open,Choosing the Right Multi-Agent Architecture,LangChain Blog,2026,blog,https://www.langchain.com/blog/choosing-the-right-multi-agent-architecture,
11_agent-architecture,S28,open,CrewAI Framework 2025 Complete Review,Latenode,2026,review,https://latenode.com/blog/ai-frameworks-technical-infrastructure/crewai-framework/crewai-framework-2025-complete-review-of-the-open-source-multi-agent-ai-platform,
11_agent-architecture,S29,open,GDPR Compliance For AI Agents: A Startup's Guide,Protecto AI,2025,guide,https://www.protecto.ai/blog/gdpr-compliance-for-ai-agents-startup-guide/,
12_recommendation-engine-patterns,S1,open,"An auditable and source-verified framework for clinical AI decision support","Alu & Oluwadare; Frontiers in AI",2026,journal,https://pmc.ncbi.nlm.nih.gov/articles/PMC12913532/,
12_recommendation-engine-patterns,S2,open,"SHAP Feature Attribution — comprehensive review","EmergentMind (synthesising Lundberg et al.)",2025,review,https://www.emergentmind.com/topics/shap-shapley-additive-explanations-feature-attribution,
12_recommendation-engine-patterns,S3,open,"Improving the Validity of Decision Trees as Explanations","arXiv 2306.06777",2024,preprint,https://arxiv.org/html/2306.06777v5,2306.06777
12_recommendation-engine-patterns,S4,open,"RIMpro Decision Support System — product overview","RIMpro",2024,product,https://rimpro.cloud,
12_recommendation-engine-patterns,S5,open,"An Overview of the Digital Pest Management Decision Support Tools: NEWA","AETR Journal",2025,journal,https://www.aetrjournal.org/UserFiles/file/AETR_2025_0218%20Final.pdf,
12_recommendation-engine-patterns,S6,open,"UC IPM Grape Powdery Mildew","UC ANR / ipm.ucanr.edu",2017,extension,https://ipm.ucanr.edu/agriculture/grape/powdery-mildew/,
12_recommendation-engine-patterns,S7,open,"Models: Powdery Mildew of Grape — UC IPM Disease Model Database","UC ANR / ipm.ucanr.edu",2020,model_doc,https://ipm.ucanr.edu/DISEASE/DATABASE/grapepowderymildew.html,
12_recommendation-engine-patterns,S8,open,"Comparative efficiency and residue levels of spraying strategies (PM efficacy 89.8% vs 73.5%)","PMC / Open Life Sciences",2025,journal,https://pmc.ncbi.nlm.nih.gov/articles/PMC12326300/,
12_recommendation-engine-patterns,S9,open,"VineForecast — digital forecasting system for viticulture","VineForecast",2026,product,https://www.vineforecast.com/en/functions/digital-forecasting-system/,
12_recommendation-engine-patterns,S10,open,"Disease models — grapevine (Metos / Pessl Instruments)","Metos by Pessl Instruments",2025,product_doc,https://metos.global/en/disease-models-grapevine/,
12_recommendation-engine-patterns,S11,open,"A Weather-Driven Model for Predicting Infections of Grapevines by Sporangia of Plasmopara viticola","Brischetto, Bove, Fedele, Rossi; Frontiers in Plant Science",2021,journal,https://www.frontiersin.org/journals/plant-science/articles/10.3389/fpls.2021.636607/full,10.3389/fpls.2021.636607
12_recommendation-engine-patterns,S12,open,"FAO Style — Referencing and crediting sources","FAO Open Knowledge",2024,style_guide,https://openknowledge.fao.org/server/api/core/bitstreams/1fcf6527-d70a-423c-8483-a741bb1c3794/content/referencing.html,
12_recommendation-engine-patterns,S13,open,"FAQs About UpToDate Evidence-Based Decision Support","Wolters Kluwer / UpToDate",2024,faq,https://www.wolterskluwer.com/en/solutions/uptodate/clinical-decision-support/frequently-asked-questions,
12_recommendation-engine-patterns,S14,open,"UpToDate adherence to GRADE criteria for strong recommendations","BMJ Open",2017,journal,https://pmc.ncbi.nlm.nih.gov/articles/PMC5701989/,10.1136/bmjopen-2017-016554
12_recommendation-engine-patterns,S15,open,"The $4 Billion AI Failure of IBM Watson for Oncology","Henrico Dolfing",2026,analysis,https://www.henricodolfing.ch/en/case-study-20-the-4-billion-ai-failure-of-ibm-watson-for-oncology/,
12_recommendation-engine-patterns,S16,open,"4 lessons from IBM's failure to transform medicine with Watson","STAT News",2021,news,https://www.statnews.com/2021/03/10/ibm-watson-health-sale-lessons/,
12_recommendation-engine-patterns,S17,open,"Clinical Decision Support Software FAQs — FDA SaMD","FDA Center for Devices & Radiological Health",2025,guidance,https://www.fda.gov/medical-devices/software-medical-device-samd/clinical-decision-support-software-frequently-asked-questions-faqs,
12_recommendation-engine-patterns,S18,open,"ComBase disclaimer — decision support tool food safety","USDA ERRC / ComBase Partners",2024,legal,https://combasebrowser.errc.ars.usda.gov/membership/disclaimer.aspx,
12_recommendation-engine-patterns,S19,open,"Mitigating Legal Risks from Using AI in Agriculture","Drake Ag Law Journal (Pohl)",2025,journal,https://aglawjournal.wp.drake.edu/wp-content/uploads/sites/66/2025/11/c.-Pohl-Final.pdf,
12_recommendation-engine-patterns,S20,open,"AI in Precision Agriculture Makes Legal Issues Sprout","JD Supra",2024,legal_news,https://www.jdsupra.com/legalnews/ai-in-precision-agriculture-makes-legal-1819584/,
12_recommendation-engine-patterns,S21,open,"A Guide to Structured Generation Using Constrained Decoding","Aidan Cooper",2024,technical,https://www.aidancooper.co.uk/constrained-decoding/,
12_recommendation-engine-patterns,S22,open,"LLM Structured Output and Constrained Decoding","Chaos and Order (youngju.dev)",2026,technical,https://www.youngju.dev/blog/llm/2026-03-07-llm-structured-output-constrained-decoding-json-schema.en,
12_recommendation-engine-patterns,S23,open,"Generation-Time vs. Post-hoc Citation (G-Cite vs P-Cite)","arXiv 2509.21557",2025,preprint,https://arxiv.org/html/2509.21557,2509.21557
12_recommendation-engine-patterns,S24,open,"Provenance: A Light-weight Fact-checker for RAG LLM Output (EMNLP 2024)","Sankararaman et al.; ACL Anthology",2024,conference,https://aclanthology.org/2024.emnlp-industry.97/,
12_recommendation-engine-patterns,S25,open,"An Actor-Critic Approach to Reduce Hallucinations in RAG","Intercom / Fin.ai",2025,technical,https://fin.ai/research/an-actor-critic-approach-to-squash-hallucinations/,
12_recommendation-engine-patterns,S26,open,"LLMs for Enhanced Agricultural Meteorological Recommendations","Park & Choi; arXiv 2408.04640",2024,preprint,https://arxiv.org/html/2408.04640v1,2408.04640
12_recommendation-engine-patterns,S27,open,"GRADE: an emerging consensus on rating quality of evidence and strength of recommendations","BMJ / PMC",2008,journal,https://pmc.ncbi.nlm.nih.gov/articles/PMC2335261/,10.1136/bmj.39489.470347.AD
12_recommendation-engine-patterns,S28,open,"Learning Fine-Grained Grounded Citations for Attributed LLMs (FRONT / ALCE) ACL 2024","Huang et al.; ACL 2024",2024,conference,https://aclanthology.org/2024.findings-acl.838/,10.18653/v1/2024.findings-acl.838
12_recommendation-engine-patterns,S29,open,"Reducing Hallucination in Structured Outputs via RAG","arXiv 2404.08189",2024,preprint,https://arxiv.org/abs/2404.08189,2404.08189
12_recommendation-engine-patterns,S30,open,"AI is Clashing with Agriculture Law","Buckley Law P.C.",2025,legal,https://www.buckley-law.com/articles/artificial-intelligence-is-clashing-with-agriculture-law/,
12_recommendation-engine-patterns,P11,paywalled,"Comparison of SHAP and clinician-friendly explanations for AI-based CDSS","npj Digital Medicine",2025,journal,https://pmc.ncbi.nlm.nih.gov/articles/PMC12475050/,PMC12475050
12_recommendation-engine-patterns,P12,paywalled,"Additive-feature-attribution methods: A review on explainable AI for fluid dynamics","ScienceDirect",2024,journal,https://www.sciencedirect.com/science/article/pii/S0142727X24003874,10.1016/j.ijheatfluidflow.2024.109542
12_recommendation-engine-patterns,P13,paywalled,"Efficient Fact-Checking of LLMs on Grounding Documents (MiniCheck EMNLP 2024)","EMNLP 2024",2024,conference,https://aclanthology.org/2024.emnlp-main.499.pdf,
12_recommendation-engine-patterns,P14,paywalled,"Social acceptance of large language models in agricultural extension advisory","Oxford QOpen",2026,journal,https://academic.oup.com/qopen/article/6/1/qoag001/8653928,10.1093/qopen/qoag001
12_recommendation-engine-patterns,P15,paywalled,"AI for crop production — Where can large language models help?","Computers and Electronics in Agriculture (ScienceDirect)",2024,journal,https://www.sciencedirect.com/science/article/pii/S0168169924003156,10.1016/j.compag.2024.109124
10_satellite-remote-sensing,S1,open,"Potential of Sentinel-2 satellite images to monitor vine fields grown at a territorial scale","Tisseyre B, Leroux C, Devaux N, Crestey T",2019,journal,https://doi.org/10.20870/OENO-ONE.2019.53.1.2293,10.20870/OENO-ONE.2019.53.1.2293
10_satellite-remote-sensing,S2,open,"Sentinel-2 Validation for Spatial Variability Assessment in Overhead Trellis System Viticulture Versus UAV and Agronomic Data","Di Gennaro SF, Dainelli R, Palliotti A, Toscano P, Matese A",2019,journal,https://doi.org/10.3390/rs11212573,10.3390/rs11212573
10_satellite-remote-sensing,S3,open,"Can we detect the damage of a heatwave on vineyards using Sentinel-2 optical remote sensing data?","Daret E, Amin G, Bazzi H, El Hajj M, Baghdadi N, Pantaleoni Reluy N, Simonneau T, Pret V",2022,journal,https://doi.org/10.20870/oeno-one.2022.56.1.4632,10.20870/oeno-one.2022.56.1.4632
10_satellite-remote-sensing,S4,open,"Comparison and Ground Truthing of Different Remote and Proximal Sensing Platforms to Characterize Variability in a Hedgerow-Trained Vineyard","Squeri C, Poni S, Di Gennaro SF, Matese A, Gatti M",2021,journal,https://doi.org/10.3390/rs13112056,10.3390/rs13112056
10_satellite-remote-sensing,S5,open,"Improving the Accuracy of Seasonal Crop Coefficients in Grapevine from Sentinel-2 Data","Guevara-Torres DR, Luo H, Do C, Ostendorf B, Pagay V",2025,journal,https://doi.org/10.3390/rs17193365,10.3390/rs17193365
10_satellite-remote-sensing,S6,open,"Satellite and Proximal Sensing to Estimate the Yield and Quality of Table Grapes","Balafoutis A, Biniari A, Anastasiou E, Xanthopoulos G, Darra N, Fountas S, Psiroukis V",2018,journal,https://doi.org/10.3390/AGRICULTURE8070094,10.3390/AGRICULTURE8070094
10_satellite-remote-sensing,S7,open,"A New Satellite NDVI-Based Sampling Protocol for Grape Maturation Monitoring","Ryan C, Bioni C, Meyers J, Van Heuvel JE, Dokoozlian N",2020,journal,https://doi.org/10.3390/rs12071159,10.3390/rs12071159
10_satellite-remote-sensing,S8,paywalled,"Assessing the Capacity of High-Resolution Commercial Satellite Imagery for Grapevine Downy Mildew Detection and Surveillance in New York State","Kanaley K, Combs DB, Paul A, Jiang Y, Bates TL, Gold K",2024,journal,https://doi.org/10.1094/PHYTO-11-23-0432-R,10.1094/PHYTO-11-23-0432-R
10_satellite-remote-sensing,S9,open,"Using Time Series of High-Resolution Planet Satellite Images to Monitor Grapevine Stem Water Potential in Commercial Vineyards","Ben-Gal A, Peeters A, Helman D, Bahat I, Alchanatis V, Cohen Y, Netzer Y",2018,journal,https://doi.org/10.3390/RS10101615,10.3390/RS10101615
10_satellite-remote-sensing,S10,open,"Mapping Crop Calendar Events and Phenology-Related Metrics at the Parcel Level by OBIA of MODIS-NDVI Time-Series","Castro A, Peña J, Six J, Plant R",2018,journal,https://doi.org/10.3390/rs10111745,10.3390/rs10111745
10_satellite-remote-sensing,S11,open,"Sentinel-1 SAR Backscatter Response to Agricultural Drought in The Netherlands","Shorachi M, Kumar V, Steele-Dunne S",2022,journal,https://doi.org/10.3390/rs14102435,10.3390/rs14102435
10_satellite-remote-sensing,S12,paywalled,"Box Sampling: a New Spatial Sampling Method for Grapevine Macronutrients Using Sentinel-1 and Sentinel-2 Satellite Images","Trivedi MB, Bates TR, Meyers J, Shcherbatyuk N, Davadant P, Chancia R, Lohman R, Van Heuvel JE",2025,journal,https://doi.org/10.1007/s11119-025-10225-5,10.1007/s11119-025-10225-5
10_satellite-remote-sensing,S13,open,"Hybrid Methodology Using Sentinel-1/Sentinel-2 for Soil Moisture Estimation","Albergel C, Ayari E, Zribi M, Baghdadi N, Rodríguez-Fernández N, Madelon R, Nativel S",2022,journal,https://doi.org/10.3390/rs14102434,10.3390/rs14102434
10_satellite-remote-sensing,S14,paywalled,"Comparison of Different Vegetative Indices for Calibrating Proximal Canopy Sensors to Grapevine Pruning Weight","Taylor J, Bates T",2021,journal,https://doi.org/10.5344/ajev.2021.20042,10.5344/ajev.2021.20042
10_satellite-remote-sensing,S15,paywalled,"Investigating the Potential of UAV-Based Hyperspectral Sensor in Detecting Powdery Mildew in Grapes","Acosta MD, Pena J, Sherafat A, Gonzalez CC, Sherman TM, Bhandari S, Raheja A",2024,conference,https://doi.org/10.1117/12.3014667,10.1117/12.3014667
10_satellite-remote-sensing,S16,open,"Use of Sentinel-2 Satellite for Spatially Variable Rate Fertiliser Management in a Sicilian Vineyard","Comparetti A, Marques da Silva J",2022,journal,https://doi.org/10.3390/su14031688,10.3390/su14031688
10_satellite-remote-sensing,S17,open,"Monitoring Vineyard Water Status Using Sentinel-2 Images: Qualitative Survey on Five Wine Estates in South of France","Costard AD, Laroche-Pinel E, Clenet H, Hourdel J, Rousseau J, Vidal-Vigneron M, Duthoit S, Chéret V",2021,journal,https://doi.org/10.20870/oeno-one.2021.55.4.4752,10.20870/oeno-one.2021.55.4.4752
10_satellite-remote-sensing,S18,open,"Spectral Differentiation of Whitish Leaf Diseases — Impact of Host Tissue, Symptom Variability and Scale","Oerke EC, Steiner U",2026,journal,https://doi.org/10.3390/rs18070976,10.3390/rs18070976
10_satellite-remote-sensing,S19,open,"Application of Remote Sensing Techniques to Discriminate the Effect of Different Soil Management Treatments over Rainfed Vineyards in Chianti Terroir","Antichi D, Raffa D, Rallo G, Puig-Sirera À",2021,journal,https://doi.org/10.3390/rs13040716,10.3390/rs13040716
10_satellite-remote-sensing,S20,open,"Vineyard Variability Analysis through UAV-Based Vigour Maps to Assess Climate Change Impacts","Pádua L, Sousa A, Peres E, Sousa J, Guimarães N, Marques P, Adão T",2019,journal,https://doi.org/10.3390/agronomy9100581,10.3390/agronomy9100581
10_satellite-remote-sensing,S21,open,"A Systematic Review on the Advancements in Remote Sensing and Proximity Tools for Grapevine Disease Detection","Portela F, Sousa JJ, Araújo-Paredes C, Peres E, Morais R, Pádua L",2024,journal,https://doi.org/10.3390/s24248172,10.3390/s24248172
10_satellite-remote-sensing,S22,open,"Sentinel Hub API Documentation — Rate Limiting","Sinergise / Planet",2024,docs,https://docs.sentinel-hub.com/api/latest/api/overview/rate-limiting/,
10_satellite-remote-sensing,S23,open,"Validation of Copernicus Sentinel-2 Cloud Masks Obtained from MAJA, Sen2Cor, and FMask","Baetens L, Desjardins C, Hagolle O",2019,journal,https://doi.org/10.3390/RS11040433,10.3390/RS11040433
10_satellite-remote-sensing,S24,open,"KappaMask: AI-Based Cloudmask Processor for Sentinel-2","Domnich M, Sünter I, Trofimov H et al.",2021,journal,https://doi.org/10.3390/rs13204100,10.3390/rs13204100
10_satellite-remote-sensing,S25,open,"Sentinel-2 Surface Reflectance Products Generated by CNES and DLR: Methods, Validation and Applications","Hagolle O, Colin J, Coustance S, Kettig P, d'Angelo P et al.",2021,conference,https://doi.org/10.5194/isprs-annals-v-1-2021-9-2021,10.5194/isprs-annals-v-1-2021-9-2021
10_satellite-remote-sensing,S26,open,"Validation of Atmospheric Correction Approaches for Sentinel-2 under Partly-Cloudy Conditions in an African Agricultural Landscape","Kganyago M, Ovakoglou G, Mhangara P, Alexandridis T, Odindi J, Adjorlolo C, Mashiyi N",2020,conference,https://doi.org/10.1117/12.2572293,10.1117/12.2572293
10_satellite-remote-sensing,S27,open,"AgroShadow: A New Sentinel-2 Cloud Shadow Detection Tool for Precision Agriculture","Magno R, Rocchi L, Dainelli R, Matese A, Di Gennaro SF, Chen CF, Son N, Toscano P",2021,journal,https://doi.org/10.3390/rs13061219,10.3390/rs13061219
10_satellite-remote-sensing,S28,open,"Satellite Monitoring of Italian Vineyards and Spatio-Temporal Variability Assessment","Zanchin A, Cogato A, Sozzi M, Tomasi D, Marinello F",2024,journal,https://doi.org/10.3390/agriengineering6040232,10.3390/agriengineering6040232
10_satellite-remote-sensing,S29,open,"SMAP-HydroBlocks, a 30-m Satellite-Based Soil Moisture Dataset for the Conterminous US","Vergopolan N, Chaney NW, Wood EF, Sheffield J, Beck HE et al.",2021,data,https://doi.org/10.1038/s41597-021-01050-2,10.1038/s41597-021-01050-2
10_satellite-remote-sensing,S30,open,"Agricultural Drought Monitoring via the Assimilation of SMAP Soil Moisture Retrievals","Reynolds C, Mladenova I, Bolten J, Sazib N, Crow W",2020,journal,https://doi.org/10.3389/fdata.2020.00010,10.3389/fdata.2020.00010
10_satellite-remote-sensing,S31,open,"Exploiting High-Resolution Remote Sensing Soil Moisture to Estimate Irrigation Water Amounts over a Mediterranean Region","Dari J, Brocca L, Escorihuela MJ, Quintana-Seguí P, Morbidelli R, Stefan V",2020,journal,https://doi.org/10.3390/rs12162593,10.3390/rs12162593
10_satellite-remote-sensing,S32,open,"River Flow Prediction in Data Scarce Regions: Soil Moisture Integrated Satellite Rainfall Products Outperform Rain Gauge Observations in West Africa","Brocca L, Massari C, Pellarin T, Filippucci P, Ciabatta L et al.",2020,journal,https://doi.org/10.1038/s41598-020-69343-x,10.1038/s41598-020-69343-x
10_satellite-remote-sensing,S33,open,"ERA5-Based Global Assessment of Irrigation Requirement and Validation","Rolle M, Claps P, Tamea S",2021,journal,https://doi.org/10.1371/journal.pone.0250979,10.1371/journal.pone.0250979
10_satellite-remote-sensing,S34,paywalled,"A Global Drought Monitoring System and Dataset Based on ERA5 Reanalysis: A Focus on Crop-Growing Regions","El Kenawy A, Latorre B, Peña-Angulo D et al.",2022,journal,https://doi.org/10.1002/gdj3.178,10.1002/gdj3.178
10_satellite-remote-sensing,S35,open,"Satellite Remote Sensing Tools for Drought Assessment in Vineyards and Olive Orchards: A Systematic Review","Crespo N, Pádua L, Santos JA, Fraga H",2024,journal,https://doi.org/10.3390/rs16112040,10.3390/rs16112040
08_model-aggregation,S1,open,Forecasting Plant and Crop Disease: An Explorative Study on Current Algorithms,Malloci FM; Fenu G,2021,journal,https://www.mdpi.com/2504-2289/5/1/2,10.3390/bdcc5010002
08_model-aggregation,S2,open,Accuracy in the prediction of disease epidemics when ensembling simple but highly correlated models,Shah DA; De Wolf ED; Paul PA; Madden LV,2021,journal,https://journals.plos.org/ploscompbiol/article?id=10.1371/journal.pcbi.1008831,10.1371/journal.pcbi.1008831
08_model-aggregation,S3,paywalled,A multiple crop model ensemble for improving broad-scale yield prediction using Bayesian model averaging,Huang X et al.,2017,journal,https://doi.org/10.1016/J.FCR.2017.06.011,10.1016/J.FCR.2017.06.011
08_model-aggregation,S4,paywalled,Evaluation of crop model prediction and uncertainty using Bayesian parameter estimation and Bayesian model averaging,Gao Y et al.,2021,journal,https://doi.org/10.1016/j.agrformet.2021.108686,10.1016/j.agrformet.2021.108686
08_model-aggregation,S5,open,A public decision support system for the assessment of plant disease infection risk shared by Italian regions,Bregaglio S et al.,2022,journal,https://pubmed.ncbi.nlm.nih.gov/35642822/,10.1016/j.jenvman.2022.115365
08_model-aggregation,S6,paywalled,Factor Analysis and Prediction of Disease Risk Based on Large Ensembles of Models: Application to Virus Yellows in Sugar Beet,Chauvin D et al.,2025,journal,https://doi.org/10.1094/PHYTO-01-25-0014-FI,10.1094/PHYTO-01-25-0014-FI
08_model-aggregation,S7,open,Downy mildew (Plasmopara) - RIMpro platform documentation,RIMpro,2024,web,https://rimpro.cloud/platform/downy-mildew-plasmopara/,
08_model-aggregation,S8,open,Grape powdery mildew (Uncinula necator) - RIMpro platform documentation,RIMpro,2025,web,https://rimpro.cloud/platform/grape-powdery-mildew-uncinula-necator/,
08_model-aggregation,S9,open,Using VitiMeteo-Plasmopara to better control downy mildew in grapevine,Dubuis PH et al.,2012,journal,https://agris.fao.org/search/en/providers/122607/records/647355f953aa8c8963066b78,
08_model-aggregation,S10,open,VitiMeteo models workshop report — Wine Australia International Workshop,Various,2014,report,https://www.wineaustralia.com/getmedia/1fd736bf-5fe3-4758-940a-5368b41e77f9/GWT-1322-Final-Report,
08_model-aggregation,S11,open,VitiMeteo Black rot: A novel decision support system assembled from existing sub-models,Molitor D et al.,2016,journal,https://flore.unifi.it/retrieve/handle/2158/1073527/208051/2016%20Molitor%20et%20al.pdf,10.1007/s10658-015-0835-y
08_model-aggregation,S12,paywalled,Influence of different sensor positions on leaf wetness duration measurements and their effect on the simulation of grapevine downy mildew,Di Marta A; Orlandini S et al.,n.d.,journal,https://www.semanticscholar.org/paper/71da900d1d65226bd251e039ad3a30a4309e1478,126188797
08_model-aggregation,S13,open,Vintel - How does it work?,ITK,2024,web,https://vintel-itk.com/en/how-does-it-work/,
08_model-aggregation,S14,open,Powdery mildew (Uncinula necator) - eVineyard blog,eVineyard,2015,web,https://www.evineyardapp.com/blog/2015/08/31/powdery-mildew/,
08_model-aggregation,S15,open,Sectormentor: The Regenerative Viticulture Platform,Vidacycle,2025,web,https://vines.vidacycle.com,
08_model-aggregation,S16,open,A simple generic infection model for foliar fungal plant pathogens,Magarey RD; Sutton TB; Thayer CL,2005,journal,https://doi.org/10.1094/PHYTO-95-0092,10.1094/PHYTO-95-0092
08_model-aggregation,S17,open,Agrometeorology and plant disease management: a happy marriage,Sentelhas PC; Gillespie TJ,2008,journal,https://www.scielo.br/j/sa/a/8sP6XcBGLRX5kTMmd4RDzVr/,10.1590/S0103-90162008000700012
08_model-aggregation,S18,paywalled,Simulation of surface wetness with a water budget and energy balance approach,Magarey RD; Russo JM; Seem RC,2006,journal,https://doi.org/10.1016/J.AGRFORMET.2006.08.016,10.1016/J.AGRFORMET.2006.08.016
08_model-aggregation,S19,open,A Bayesian sequential updating approach to predict phenology of silage maize,Mai J et al.,2022,journal,https://bg.copernicus.org/articles/19/2187/2022/,10.5194/bg-2021-238
08_model-aggregation,S20,open,A Gentle Introduction to Conformal Prediction and Distribution-Free Uncertainty Quantification,Angelopoulos AN; Bates S,2022,preprint,https://arxiv.org/abs/2107.07511,10.48550/arXiv.2107.07511
08_model-aggregation,S21,open,Uncertainty quantification of surrogate models using conformal prediction,Gopakumar V et al.,2024,journal,https://doi.org/10.1088/2632-2153/ae2e7b,10.1088/2632-2153/ae2e7b
08_model-aggregation,S22,paywalled,Factor Analysis and Prediction of Disease Risk Based on Large Ensembles of Models (duplicate citation for spatial aggregation finding),Chauvin D et al.,2025,journal,https://doi.org/10.1094/PHYTO-01-25-0014-FI,10.1094/PHYTO-01-25-0014-FI
08_model-aggregation,S23,open,Performance of Bayesian Model Averaging for Short-Term Prediction of PM10,Ramli N et al.,2023,journal,https://www.mdpi.com/2073-4433/14/2/311,10.3390/atmos14020311
08_model-aggregation,S24,open,A Bayesian Causal Model to Support Decisions on Treating of a Vineyard,Stefanini F; Valleggi L,2022,journal,https://www.mdpi.com/2227-7390/10/22/4326,10.3390/math10224326
08_model-aggregation,S25,open,CBMA: Improving Conformal Prediction through Bayesian Model Averaging,Bhagwat P; Kong L; Jiang B,2025,preprint,https://www.semanticscholar.org/paper/d149484d85e607b4fdcd5246e1f57793f4550b35,
08_model-aggregation,S26,open,A Bayesian model for control strategy selection against Plasmopara viticola infections,Stefanini F et al.,2023,journal,https://pmc.ncbi.nlm.nih.gov/articles/PMC10399454/,10.3389/fpls.2023.1117498
08_model-aggregation,S27,open,Uncertainty Guarantees on Automated Precision Weeding using Conformal Prediction,Melki P et al.,2025,preprint,https://arxiv.org/html/2501.07185v1,10.48550/arXiv.2501.07185
08_model-aggregation,S28,open,Smart sensing-enabled risk-aware nitrogen prescriptions via conformal profit bounds for precision agriculture,Khan A et al.,2026,journal,https://www.frontiersin.org/articles/10.3389/fpls.2026.1821003/full,10.3389/fpls.2026.1821003
08_model-aggregation,S29,open,Spatial Modelling of Weather Variables for Plant Disease Applications in Mwea Region,Mukundi J et al.,2016,journal,https://www.scirp.org/journal/PaperDownload.aspx?paperID=66626,10.4236/GEP.2016.45013
08_model-aggregation,S30,open,Highly sensitive spore detection to follow real-time epidemiology of downy and powdery mildew,Leoni S et al.,2022,conference,https://www.bio-conferences.org/10.1051/bioconf/20225004003,10.1051/bioconf/20225004003
08_model-aggregation,S31,open,Current Trends and Perspectives on Predictive Models for Mildew Diseases in Vineyards,Velasquez-Camacho L et al.,2022,journal,https://pmc.ncbi.nlm.nih.gov/articles/PMC9866057/,10.3390/microorganisms11010073
08_model-aggregation,S32,open,Predicting plant disease epidemics using boosted regression trees,Peng C; Wang W; Zhang X,2024,journal,https://pmc.ncbi.nlm.nih.gov/articles/PMC11253225/,10.1016/j.idm.2024.06.006
08_model-aggregation,S33,open,Disease Forecasting for the Rational Management of Grapevine Mildews in the Chianti Bio-District,Marone Fassolo E et al.,2023,journal,https://pmc.ncbi.nlm.nih.gov/articles/PMC9865324/,10.3390/plants12020285
08_model-aggregation,S34,open,Forecasting severe grape downy mildew attacks using machine learning,Makowski D; Brun F; Raynal M; Chen M,2020,journal,https://pmc.ncbi.nlm.nih.gov/articles/PMC7067461/,10.1371/journal.pone.0230254
08_model-aggregation,S35,open,Predicting plant disease epidemics from functionally represented weather series,Shah DA et al.,2019,journal,https://pmc.ncbi.nlm.nih.gov/articles/PMC6553612/,10.1098/rstb.2018.0273
08_model-aggregation,S36,open,Estimating leaf wetness duration over turfgrass and in a Niagara Rosada vineyard,Lulu J et al.,2008,journal,http://www.scielo.br/scielo.php?script=sci_arttext&pid=S0103-90162008000700004,10.1590/S0103-90162008000700004
08_model-aggregation,S37,open,Datasets of harmonized risk assessment of grapevine downy mildew and phenological observations in eight Italian regions,Morelli D et al.,2022,journal,https://doi.org/10.1016/j.dib.2022.108409,10.1016/j.dib.2022.108409
08_model-aggregation,S38,open,A deep learning model for predicting risks of crop pests and diseases from sequential environmental data,Yun CM; Lee S,2023,journal,https://pmc.ncbi.nlm.nih.gov/articles/PMC10720067/,10.1186/s13007-023-01122-x
13_advisory-feeds,S1,open,UC IPM Grape Powdery Mildew Pest Management Guidelines,UC Statewide IPM Program,2025,advisory-web,https://ipm.ucanr.edu/agriculture/grape/powdery-mildew/,
13_advisory-feeds,S2,open,UC IPM Grape PM Risk Assessment Index (RAI),UC Statewide IPM Program,2025,advisory-web,https://ipm.ucanr.edu/weather/grape-powdery-mildew-risk-assessment-index/,
13_advisory-feeds,S3,open,CIMIS Web API — California Irrigation Management Information System,California Dept Water Resources,2024,api,https://et.water.ca.gov/rest/index,
13_advisory-feeds,S3b,open,CIMIS on CA Open Data Portal,CA Open Data / DWR,2026,dataset,https://data.ca.gov/dataset/cimis-weather-station-spatial-cimis-data-web-api,
13_advisory-feeds,S4,open,UCCE Napa County Newsletters Hub (Vineyard Views),UC Cooperative Extension Napa,2025,newsletter,https://ucanr.edu/county/napa-county-ucce/newsletters,
13_advisory-feeds,S4b,open,UCCE Napa Viticulture Team Site,UCCE Napa Vit Team,2021,web,https://ucceviticulturenapa.wixsite.com/uccevitnapa,
13_advisory-feeds,S5,open,UCCE Sonoma County Viticulture Newsletter,UC Cooperative Extension Sonoma,2025,newsletter,https://ucanr.edu/county/ucce-sonoma-county/current-newsletter,
13_advisory-feeds,S6,open,UCCE Central Sierra Powdery Mildew Bulletin,UC Cooperative Extension Central Sierra,2025,bulletin,https://ucanr.edu/site/ucce-central-sierra-agriculture/powdery-mildew-bulletin,
13_advisory-feeds,S7,open,CDPR Pesticide Use Reporting,California Dept Pesticide Regulation,2026,data-portal,https://www.cdpr.ca.gov/pesticide-use-in-california/pesticide-use-reporting/,
13_advisory-feeds,S7b,open,CalPIP — California Pesticide Information Portal,CDPR,2025,web-portal,https://calpip.cdpr.ca.gov,
13_advisory-feeds,S8,open,NPDN/WPDN National & Western Plant Diagnostic Networks,NPDN/WPDN,2025,listserv,https://www.npdn.org,
13_advisory-feeds,S9,open,CDFA Pierce's Disease Control Program,California Dept Food & Agriculture,2025,advisory-web,https://piercesdisease.cdfa.ca.gov,
13_advisory-feeds,S10,open,BSV Vigne BFC — Bourgogne-Franche-Comté (current campaign),DRAAF Bourgogne-Franche-Comté,2025,bulletin-pdf,https://draaf.bourgogne-franche-comte.agriculture.gouv.fr/bsv-bourgogne-franche-comte-campagne-en-cours-r32.html,
13_advisory-feeds,S11,open,BSV Vigne Nouvelle-Aquitaine (Bordeaux area) — Chambre NA,Chambre Régionale d'Agriculture Nouvelle-Aquitaine,2026,bulletin-pdf,https://nouvelle-aquitaine.chambres-agriculture.fr/produire/filieres-vegetales/bsv,
13_advisory-feeds,S12,open,Vigicultures BSV Data Entry & Dissemination Platform,DRAAF / Chambres d'Agriculture (national),2025,web,https://www.vigicultures.fr,
13_advisory-feeds,S13,open,INRAE Vine Research News RSS,INRAE,2025,rss,https://www.inrae.fr/rss.xml,
13_advisory-feeds,S14,open,IFV Note Technique Commune Résistances 2025 (landing page),IFV — Institut Français de la Vigne et du Vin,2025,bulletin-pdf,https://www.vignevin.com/article/note-technique-2025-sur-les-resistances-aux-maladies/,
13_advisory-feeds,S14b,open,IFV Note Technique Commune 2025 (PDF direct),IFV,2025,bulletin-pdf,https://www.vignevin.com/wp-content/uploads/2025/01/Note-technique-commune-vigne-2025-VDef.pdf,
13_advisory-feeds,S15,open,e-Phy ANSES — Catalogue des Produits Phytopharmaceutiques Autorisés,ANSES / DGAL,2026,database,https://ephy.anses.fr,
13_advisory-feeds,S16,open,Météo-France AROME/ARPEGE API (open-meteo proxy),Météo-France / open-meteo,2025,api,https://open-meteo.com/en/docs/meteofrance-api,
13_advisory-feeds,S16b,open,Météo-France Official API Portal,Météo-France,2025,api,https://portail-api.meteofrance.fr,
13_advisory-feeds,S17,open,FREDON Nouvelle-Aquitaine / Chambre NA BSV Vigne Observateur Guide,FREDON NA / Chambre NA,2025,bulletin-pdf,https://www.fredon.fr/nouvelle-aquitaine/nos-missions/epidemiosurveillance/bulletin-sante-du-vegetal,
13_advisory-feeds,S18,open,INTA EEA Mendoza — Viticulture Technical Notes,INTA EEA Mendoza,2025,bulletin-pdf,https://inta.gob.ar/unidades/mendoza-eea-mendoza,
13_advisory-feeds,S18b,open,INTA Rama Caída — Área de Viticultura y Ciruelos,INTA / CR Mendoza-San Juan,2024,bulletin-pdf,https://www.argentina.gob.ar/inta/cr-mendoza-sanjuan/area-de-viticultura-y-ciruelos-eea-rama-caida,
13_advisory-feeds,S19,open,SENASA Registro Nacional de Terapéutica Vegetal,SENASA Argentina,2025,database,https://www.argentina.gob.ar/senasa/programas-sanitarios/productosveterinarios-fitosanitarios-y-fertilizantes/registro-nacional-de-terapeutica-vegetal,
13_advisory-feeds,S20,open,SMN Open Data — Meteorological Datasets (datos.gob.ar),Servicio Meteorológico Nacional Argentina,2025,api,https://datos.gob.ar/dataset?organization=smn,
13_advisory-feeds,S20b,open,Argentina Time-Series API (apis.datos.gob.ar),Ministerio de Economía Argentina,2025,api,http://apis.datos.gob.ar/series/,
13_advisory-feeds,S21,open,INV Instituto Nacional de Vitivinicultura — Statistics & Reports,INV Argentina,2025,bulletin-pdf,https://www.argentina.gob.ar/inv,
13_advisory-feeds,S22,open,EPPO Reporting Service (monthly newsletter),EPPO,2025,newsletter,https://www.eppo.int/RESOURCES/eppo_publications/eppo_reporting_service,
13_advisory-feeds,S23,open,EPPO Global Database — Pest Datasheets & PP1 Standards,EPPO,2025,database,https://gd.eppo.int,
13_advisory-feeds,S23b,open,EPPO PP1 Standards List,EPPO,2025,standards,https://www.eppo.int/RESOURCES/eppo_standards/pp1_list,
13_advisory-feeds,S24,open,OIV Technical Documents,OIV International Organisation of Vine and Wine,2025,advisory-pdf,https://www.oiv.int/what-we-do/technical-documents,
13_advisory-feeds,S25,open,CABI Compendium — Plasmopara viticola datasheet,CABI,2021,compendium,https://www.cabidigitallibrary.org/doi/full/10.1079/cabicompendium.41918,10.1079/cabicompendium.41918
13_advisory-feeds,S25b,open,CABI Compendium — Erysiphe necator datasheet,CABI,2022,compendium,https://www.cabidigitallibrary.org/doi/full/10.1079/cabicompendium.55705,10.1079/cabicompendium.55705
09_sensor-integrations,S1,open,WeatherLink v2 API — Authentication,Davis Instruments,2024,vendor_doc,https://weatherlink.github.io/v2-api/authentication,
09_sensor-integrations,S2,open,WeatherLink v2 API — API Signature Calculator (legacy HMAC),Davis Instruments,2024,vendor_doc,https://weatherlink.github.io/v2-api/api-signature-calculator,
09_sensor-integrations,S3,open,WeatherLink v2 API — Introduction & Station Access Model,Davis Instruments,2024,vendor_doc,https://weatherlink.github.io/v2-api/,
09_sensor-integrations,S4,open,WeatherLink v2 API — API Use Cases (endpoints and field names),Davis Instruments,2024,vendor_doc,https://weatherlink.github.io/v2-api/api-use-cases,
09_sensor-integrations,S5,open,WeatherLink v2 API — Data Permissions (Basic/Pro/Pro+),Davis Instruments,2024,vendor_doc,https://weatherlink.github.io/v2-api/data-permissions,
09_sensor-integrations,S6,open,WeatherLink v2 API — Rate Limits (1000/hr default),Davis Instruments,2024,vendor_doc,https://weatherlink.github.io/v2-api/rate-limits,
09_sensor-integrations,S7,open,WeatherLink Real-time Data Feed — Introduction (Kinesis-based),Davis Instruments,2024,vendor_doc,https://weatherlink.github.io/real-time-data-feed/,
09_sensor-integrations,S8,open,WeatherLink v2 API Python 3 Community Implementation (Gist),grfiv,2021,community_code,https://gist.github.com/grfiv/b92970891211c55f4b9e1faba50ba3a6,
09_sensor-integrations,S9,open,Davis WeatherLink API v2 node server beta (Universal Devices Forum),Universal Devices Forum,2023,forum,https://forum.universal-devices.com/topic/41842-davis-weatherlink-api-v2-node-server-available-in-beta-store/,
09_sensor-integrations,S10,open,FieldClimate API v2 Documentation (Pessl Instruments),Pessl Instruments GmbH,2024,vendor_doc,https://api.fieldclimate.com/v2/docs/,
09_sensor-integrations,S11,open,FieldClimate HMAC Authentication Guide,METOS Support Center,2025,vendor_doc,https://support.metos.at/support/solutions/articles/15000046769-hmac,
09_sensor-integrations,S12,open,FieldClimate Manual — Data Transfer & Logging Intervals,METOS by Pessl Instruments,2026,vendor_doc,https://metos.global/en/fieldclimate-manual/,
09_sensor-integrations,S13,open,FieldClimate API — Tiers Data Access & Pricing,METOS Support Center,2026,vendor_doc,https://support.metos.at/support/solutions/articles/15000057116-fieldclimate-api-tiers-data-access-pricing,
09_sensor-integrations,S14,open,python-fieldclimate community SDK (GitHub),agrimgt,2018,community_code,https://github.com/agrimgt/python-fieldclimate,
09_sensor-integrations,S15,open,ZENTRA Cloud Push API (Endpoint Configuration),METER Group,2025,vendor_doc,https://docs.zentracloud.com/l/en/article/39tw3ctj9n-api-endpoint,
09_sensor-integrations,S16,open,ZENTRA Cloud v5 API Documentation,METER Group,2026,vendor_doc,https://docs.zentracloud.com/l/en/article/zjky832943-api-v5,
09_sensor-integrations,S17,open,ZENTRA Cloud US Server API v4,METER Group,2021,vendor_doc,https://docs.zentracloud.com/l/en/article/gbv2iyxhar-api-v-3-0-us,
09_sensor-integrations,S18,open,ZENTRA Cloud 2.0 FAQ & Subscriptions Migration,METER Group,2026,vendor_doc,https://docs.zentracloud.com/l/en/article/dpas1gauha-zentra-cloud-2-0-frequently-asked-questions-faq,
09_sensor-integrations,S19,open,ATMOS 41 Integrator Guide — Measurement Specifications,METER Group / Labcell,2017,product_manual,https://www.labcell.com/media/136777/atmos-41%20integrators%20guide.pdf,
09_sensor-integrations,S20,open,METER ATMOS 41 Gen 2 Product Page,METER Group,2025,product_page,https://metergroup.com/products/atmos-41/,
09_sensor-integrations,S21,open,ZL6 Datalogger Manual,METER Group / Labcell,2020,product_manual,https://www.labcell.com/media/145541/zl6%20manual.pdf,
09_sensor-integrations,S22,open,ZENTRA Cloud Subscription Plans,METER Group,2024,vendor_doc,https://docs.zentracloud.com/l/en/article/zp98kwg184-subscription-plans,
09_sensor-integrations,S23,open,Sencrop Confluent Case Study (35000 IoT stations),Confluent / Sencrop,2021,case_study,https://www.confluent.io/customers/sencrop/,
09_sensor-integrations,S24,open,Sencrop Partners API Documentation,Sencrop,2021,vendor_doc,https://developer.sencrop.com/partners/,
09_sensor-integrations,S25,open,Sencrop API Guide — Measures Units Rate Limits,Sencrop,2017,vendor_doc,https://developer.sencrop.com/guide/,
09_sensor-integrations,S26,open,Sencrop Developer Tools — JS SDK,Sencrop,2020,vendor_doc,https://developer.sencrop.com/tools/,
09_sensor-integrations,S27,open,Davis Leaf Wetness Sensor 0-15 Scale — GroWeather Manual,Davis Instruments / EnvCo,2008,product_manual,https://envcoglobal.com/wp-content/uploads/2014/10/leafwetnesssensor-manual-2008.pdf,
09_sensor-integrations,S28,open,"Pascoal D et al. (2024). IoT Sensors for Precision Agriculture/Viticulture. Scientific Reports 14:29551","Pascoal D et al.",2024,journal_article,https://www.nature.com/articles/s41598-024-80924-y,10.1038/s41598-024-80924-y
09_sensor-integrations,P1,paywalled,"Trilles S et al. (2018/2019). IoT sensor suite for real-time vineyard disease prediction. Cited in Pascoal 2024.","Trilles S et al.",2018,journal_article,—,
09_sensor-integrations,P2,paywalled,"Bălăceanu C et al. (2021). Multi-sensor IoT for pest/disease prevention. Cited in Pascoal 2024.","Bălăceanu C et al.",2021,journal_article,—,
09_sensor-integrations,S31,open,Machine Learning Rebuilds Missing Vineyard Sensor Data (Vinetur 2026 report on preprint),Vinetur,2026,news_article,https://www.vinetur.com/en/2026042899821/machine-learning-rebuilds-missing-vineyard-sensor-data.html,
09_sensor-integrations,S32,open,SADF-Net Deep learning for precision field crop protection (Frontiers in Plant Science 2025),SADF-Net authors,2025,journal_article,https://pmc.ncbi.nlm.nih.gov/articles/PMC12183171/,
09_sensor-integrations,S33,open,TU Wien AIoT — Agricultural IoT for Vineyard Microclimate Monitoring and Sensor Fusion,TU Wien,2020,conference_paper,https://publik.tuwien.ac.at/files/publik_275936.pdf,
09_sensor-integrations,S34,open,LoRa-Based IoT Multi-Hop Architecture for Smart Vineyard Monitoring (PMC 2026),PMC Sensors Basel,2026,journal_article,https://pmc.ncbi.nlm.nih.gov/articles/PMC12944410/,
09_sensor-integrations,S35,open,Systematic Review of IoT Solutions for Smart Farming (Sensors Basel 2020),PMC Sensors Basel,2020,journal_article,https://pmc.ncbi.nlm.nih.gov/articles/PMC7436012/,
09_sensor-integrations,S36,open,WeatherLink v2 API — Data Structure Types,Davis Instruments,2024,vendor_doc,https://weatherlink.github.io/v2-api/data-structure-types,
09_sensor-integrations,S37,open,WeatherLink v2 API — Sensor Catalog,Davis Instruments,2024,vendor_doc,https://weatherlink.github.io/v2-api/sensor-catalog,
09_sensor-integrations,S38,open,Weatherlink.com API Frequency Forum Thread — 1000 calls/hr confirmed,Weather-Watch Forum,2025,forum,https://discourse.weather-watch.com/t/weatherlink-com-api-frequency/75317,
09_sensor-integrations,S39,open,FieldClimate API Documentation Overview (METOS Support Center),METOS Support Center,2026,vendor_doc,https://support.metos.at/support/solutions/articles/15000061601-fieldclimate-api-documentation,
09_sensor-integrations,S40,open,ATMOS 41 All-in-One Weather Station Brochure,Campbell Sci / METER,2019,product_brochure,https://s.campbellsci.com/documents/ca/product-brochures/atmos41_br.pdf,
